Place,Scientific Name,Common Name,Observations
India,Pycnonotus cafer,Red-vented Bulbul,2031
India,Merops orientalis,Asian Green Bee-eater,1529
India,Halcyon smyrnensis,White-throated Kingfisher,1523
India,Ardeola grayii,Indian Pond-Heron,1427
India,Acridotheres tristis,Common Myna,1331
India,Milvus migrans,Black Kite,1323
India,Copsychus saularis,Oriental Magpie-Robin,1288
India,Spilopelia senegalensis,Laughing Dove,1259
India,Cinnyris asiaticus,Purple Sunbird,1225
India,Vanellus indicus,Red-wattled Lapwing,1198
India,Psittacula krameri,Rose-ringed Parakeet,1165
India,Passer domesticus,House Sparrow,1162
India,Ardea coromanda,Eastern Cattle-Egret,1157
India,Dicrurus macrocercus,Black Drongo,1152
India,Prinia socialis,Ashy Prinia,1123
India,Columba livia,Rock Pigeon,1093
India,Psilopogon haemacephalus,Coppersmith Barbet,1050
India,Copsychus fulicatus,Indian Robin,1038
India,Microcarbo niger,Little Cormorant,1021
India,Eudynamys scolopaceus,Asian Koel,1002
India,Corvus splendens,House Crow,932
India,Lanius schach,Long-tailed Shrike,906
India,Lonchura punctulata,Scaly-breasted Munia,906
India,Egretta garzetta,Little Egret,897
India,Ploceus philippinus,Baya Weaver,894
India,Leptocoma zeylonica,Purple-rumped Sunbird,851
India,Himantopus himantopus,Black-winged Stilt,846
India,Tachyspiza badia,Shikra,827
India,Anas poecilorhyncha,Indian Spot-billed Duck,822
India,Ardea cinerea,Grey Heron,818
India,Mycteria leucocephala,Painted Stork,809
India,Pycnonotus jocosus,Red-whiskered Bulbul,761
India,Sturnia pagodarum,Brahminy Starling,747
India,Tringa glareola,Wood Sandpiper,688
India,Centropus sinensis,Greater Coucal,650
India,Ocyceros birostris,Indian Grey Hornbill,613
India,Euodice malabarica,Indian Silverbill,613
India,Alcedo atthis,Common Kingfisher,607
India,Pavo cristatus,Indian Peafowl,603
India,Terpsiphone paradisi,Indian Paradise-Flycatcher,594
India,Saxicola caprata,Pied Bushchat,588
India,Argya striata,Jungle Babbler,581
India,Saxicola maurus,Siberian Stonechat,575
India,Oriolus kundoo,Indian Golden Oriole,560
India,Athene brama,Spotted Owlet,554
India,Orthotomus sutorius,Common Tailorbird,552
India,Amaurornis phoenicurus,White-breasted Waterhen,536
India,Plegadis falcinellus,Glossy Ibis,533
India,Cyornis tickelliae,Tickell's Blue Flycatcher,528
India,Actitis hypoleucos,Common Sandpiper,517
India,Rhipidura albogularis,Spot-breasted Fantail,511
India,Ardea alba,Great Egret,504
India,Porphyrio poliocephalus,Gray-headed Swamphen,504
India,Spilopelia chinensis,Spotted Dove,496
India,Corvus macrorhynchos,Large-billed Crow,495
India,Anastomus oscitans,Asian Openbill,476
India,Threskiornis melanocephalus,Black-headed Ibis,473
India,Elanus caeruleus,Black-winged Kite,465
India,Pseudibis papillosa,Red-naped Ibis,456
India,Coracias benghalensis,Indian Roller,456
India,Anthus rufulus,Paddyfield Pipit,454
India,Pericrocotus cinnamomeus,Small Minivet,445
India,Fulica atra,Eurasian Coot,443
India,Sterna aurantia,River Tern,440
India,Aegithina tiphia,Common Iora,435
India,Zosterops palpebrosus,Indian White-eye,410
India,Gracupica contra,Indian Pied Starling,408
India,Phoenicopterus roseus,Greater Flamingo,406
India,Ardea purpurea,Purple Heron,394
India,Haliastur indus,Brahminy Kite,393
India,Pernis ptilorhynchus,Oriental Honey-buzzard,386
India,Tachybaptus ruficollis,Little Grebe,381
India,Prinia inornata,Plain Prinia,377
India,Psittacula eupatria,Alexandrine Parakeet,371
India,Motacilla flava,Western Yellow Wagtail,371
India,Hirundo smithii,Wire-tailed Swallow,368
India,Phalacrocorax fuscicollis,Indian Cormorant,365
India,Gymnoris xanthocollis,Yellow-throated Sparrow,362
India,Nycticorax nycticorax,Black-crowned Night Heron,355
India,Chroicocephalus brunnicephalus,Brown-headed Gull,353
India,Gallinula chloropus,Common Moorhen,347
India,Phoeniconaias minor,Lesser Flamingo,345
India,Circus aeruginosus,Western Marsh Harrier,345
India,Argya malcolmi,Large Grey Babbler,344
India,Acridotheres fuscus,Jungle Myna,339
India,Eremopterix griseus,Ashy-crowned Sparrow-Lark,327
India,Dendrocygna javanica,Lesser Whistling-Duck,321
India,Motacilla maderaspatensis,White-browed Wagtail,321
India,Thinornis dubius,Little Ringed Plover,313
India,Amandava amandava,Red Avadavat,312
India,Upupa epops,Common Hoopoe,307
India,Ardea intermedia,Medium Egret,301
India,Tadorna ferruginea,Ruddy Shelduck,300
India,Cecropis daurica,Eastern Red-rumped Swallow,296
India,Spilornis cheela,Crested Serpent-Eagle,294
India,Dicrurus leucophaeus,Ashy Drongo,291
India,Platalea leucorodia,Eurasian Spoonbill,289
India,Psittacula cyanocephala,Plum-headed Parakeet,287
India,Ciconia episcopus,Asian Woolly-necked Stork,284
India,Geokichla citrina,Orange-headed Thrush,284
India,Parus cinereus,Asian Tit,282
India,Dendrocitta vagabunda,Rufous Treepie,275
India,Treron phoenicopterus,Yellow-footed Green Pigeon,274
India,Merops philippinus,Blue-tailed Bee-eater,272
India,Pastor roseus,Rosy Starling,272
India,Butastur teesa,White-eyed Buzzard,262
India,Chlidonias hybrida,Whiskered Tern,250
India,Spatula clypeata,Northern Shoveler,248
India,Chrysomma sinense,Yellow-eyed Babbler,247
India,Lanius vittatus,Bay-backed Shrike,244
India,Hydrophasianus chirurgus,Pheasant-tailed Jacana,232
India,Prinia hodgsonii,Gray-breasted Prinia,230
India,Acrocephalus dumetorum,Blyth's Reed Warbler,228
India,Motacilla alba,White Wagtail,227
India,Vanellus malabaricus,Yellow-wattled Lapwing,224
India,Ceryle rudis,Pied Kingfisher,223
India,Anthus trivialis,Tree Pipit,217
India,Limosa limosa,Black-tailed Godwit,211
India,Oenanthe fusca,Brown Rock Chat,211
India,Aethopyga vigorsii,Vigors's Sunbird,208
India,Ptyonoprogne concolor,Dusky Crag-Martin,203
India,Falco tinnunculus,Eurasian Kestrel,203
India,Egretta gularis,Western Reef Heron,201
India,Motacilla cinerea,Grey Wagtail,201
India,Turdus simillimus,Indian Blackbird,201
India,Calidris minuta,Little Stint,200
India,Hypothymis azurea,Black-naped Monarch,199
India,Streptopelia decaocto,Eurasian Collared-Dove,188
India,Ficedula parva,Red-breasted Flycatcher,188
India,Tephrodornis pondicerianus,Common Woodshrike,188
India,Ammomanes phoenicura,Rufous-tailed Lark,187
India,Tringa totanus,Common Redshank,186
India,Pandion haliaetus,Osprey,186
India,Clanga clanga,Greater Spotted Eagle,184
India,Clamator jacobinus,Pied Cuckoo,183
India,Sturnia malabarica,Chestnut-tailed Starling,182
India,Anarhynchus atrifrons,Tibetan Sand-Plover,181
India,Tringa ochropus,Green Sandpiper,179
India,Rostratula benghalensis,Greater Painted-Snipe,177
India,Ortygornis pondicerianus,Grey Francolin,175
India,Circus pygargus,Montagu's Harrier,174
India,Tringa nebularia,Common Greenshank,173
India,Oriolus xanthornus,Black-hooded Oriole,172
India,Metopidius indicus,Bronze-winged Jacana,170
India,Hierococcyx varius,Common Hawk-Cuckoo,168
India,Anarhynchus alexandrinus,Kentish Plover,166
India,Pitta brachyura,Indian Pitta,161
India,Circaetus gallicus,Short-toed Snake-Eagle,160
India,Spatula querquedula,Garganey,160
India,Dinopium benghalense,Black-rumped Flameback,158
India,Plocealauda erythroptera,Indian Bush Lark,155
India,Pycnonotus leucotis,White-eared Bulbul,153
India,Pellorneum ruficeps,Puff-throated Babbler,153
India,Luscinia svecica,Bluethroat,146
India,Hieraaetus pennatus,Booted Eagle,142
India,Anthracoceros coronatus,Malabar Pied Hornbill,142
India,Galerida malabarica,Malabar Lark,139
India,Nisaetus cirrhatus,Changeable Hawk-Eagle,139
India,Cursorius coromandelicus,Indian Courser,138
India,Tyto javanica,Eastern Barn Owl,138
India,Phoenicurus ochruros,Black Redstart,136
India,Monticola solitarius,Blue Rock-Thrush,136
India,Ceyx erithaca,Black-backed Dwarf Kingfisher,136
India,Phalacrocorax carbo,Great Cormorant,135
India,Dicrurus caerulescens,White-bellied Drongo,132
India,Glareola lactea,Small Pratincole,131
India,Eumyias thalassinus,Verditer Flycatcher,131
India,Anas crecca,Green-winged Teal,127
India,Pycnonotus luteolus,White-browed Bulbul,126
India,Psilopogon viridis,White-cheeked Barbet,126
India,Dicaeum erythrorhynchos,Pale-billed Flowerpecker,125
India,Anser indicus,Bar-headed Goose,124
India,Larus fuscus,Lesser Black-backed Gull,123
India,Aquila nipalensis,Steppe Eagle,123
India,Leiopicus mahrattensis,Yellow-crowned Woodpecker,123
India,Carpodacus erythrinus,Common Rosefinch,122
India,Chroicocephalus ridibundus,Black-headed Gull,122
India,Leptocoma minima,Crimson-backed Sunbird,122
India,Lonchura striata,White-rumped Munia,121
India,Dicrurus paradiseus,Greater Racket-tailed Drongo,120
India,Galloperdix spadicea,Red Spurfowl,117
India,Caprimulgus asiaticus,Indian Nightjar,117
India,Bubo bengalensis,Rock Eagle-Owl,117
India,Gelochelidon nilotica,Gull-billed Tern,117
India,Lonchura malacca,Tricolored Munia,117
India,Curruca curruca,Lesser Whitethroat,117
India,Anas acuta,Northern Pintail,116
India,Cacomantis passerinus,Grey-bellied Cuckoo,116
India,Chloropsis aurifrons,Golden-fronted Leafbird,114
India,Aquila fasciata,Bonelli's Eagle,114
India,Copsychus malabaricus,White-rumped Shama,113
India,Emberiza buchanani,Grey-necked Bunting,112
India,Dumetia hyperythra,Tawny-bellied Babbler,112
India,Arenaria interpres,Ruddy Turnstone,110
India,Cisticola juncidis,Zitting Cisticola,110
India,Streptopelia orientalis,Oriental Turtle-Dove,109
India,Acrocephalus stentoreus,Clamorous Reed Warbler,108
India,Falco peregrinus,Peregrine Falcon,107
India,Glaucidium radiatum,Jungle Owlet,107
India,Nettapus coromandelianus,Cotton Pygmy-Goose,106
India,Otus bakkamoena,Indian Scops-Owl,106
India,Emberiza melanocephala,Black-headed Bunting,105
India,Ichthyaetus ichthyaetus,Pallas's Gull,104
India,Lanius excubitor,Great Grey Shrike,104
India,Icthyophaga leucogaster,White-bellied Sea-Eagle,103
India,Alcippe poioicephala,Brown-cheeked Fulvetta,101
India,Apus affinis,Little Swift,100
India,Tringa stagnatilis,Marsh Sandpiper,99
India,Pachyglossa agilis,Thick-billed Flowerpecker,99
India,Butorides atricapilla,Little Heron,95
India,Hirundo rustica,Barn Swallow,93
India,Emberiza lathami,Crested Bunting,93
India,Mareca strepera,Gadwall,92
India,Calidris ferruginea,Curlew Sandpiper,91
India,Pterocles exustus,Chestnut-bellied Sandgrouse,90
India,Ficedula albicilla,Taiga Flycatcher,88
India,Burhinus indicus,Indian Stone-curlew,88
India,Galerida deva,Tawny Lark,86
India,Petrochelidon fluvicola,Streak-throated Swallow,85
India,Iduna caligata,Booted Warbler,85
India,Pericrocotus flammeus,Orange Minivet,85
India,Numenius arquata,Eurasian Curlew,83
India,Anhinga melanogaster,Oriental Darter,83
India,Circus macrourus,Pallid Harrier,83
India,Prinia sylvatica,Jungle Prinia,83
India,Chloropsis jerdoni,Jerdon's Leafbird,82
India,Hydroprogne caspia,Caspian Tern,82
India,Phylloscopus collybita,Common Chiffchaff,81
India,Ketupa zeylonensis,Brown Fish-Owl,80
India,Lalage melanoptera,Black-headed Cuckooshrike,79
India,Psilopogon zeylanicus,Brown-headed Barbet,79
India,Monticola cinclorhyncha,Blue-capped Rock-Thrush,79
India,Pluvialis fulva,Pacific Golden-Plover,78
India,Loriculus vernalis,Vernal Hanging-Parrot,77
India,Strix ocellata,Mottled Wood-Owl,77
India,Falco amurensis,Amur Falcon,76
India,Myophonus horsfieldii,Malabar Whistling-Thrush,76
India,Mareca penelope,Eurasian Wigeon,76
India,Argya caudata,Common Babbler,76
India,Perdicula asiatica,Jungle Bush-Quail,75
India,Gallus sonneratii,Grey Junglefowl,75
India,Turnix suscitator,Barred Buttonquail,75
India,Anthus campestris,Tawny Pipit,72
India,Gallinago gallinago,Common Snipe,72
India,Calidris pugnax,Ruff,72
India,Machlolophus aplonotus,Indian Yellow Tit,72
India,Streptopelia tranquebarica,Red Collared-Dove,71
India,Caprimulgus indicus,Jungle Nightjar,69
India,Calidris temminckii,Temminck's Stint,68
India,Acritillas indica,Yellow-browed Bulbul,68
India,Phylloscopus trochiloides,Greenish Warbler,67
India,Lanius cristatus,Brown Shrike,66
India,Xenus cinereus,Terek Sandpiper,65
India,Pericrocotus erythropygius,White-bellied Minivet,63
India,Emberiza bruniceps,Red-headed Bunting,62
India,Cuculus canorus,Common Cuckoo,61
India,Recurvirostra avosetta,Pied Avocet,61
India,Jynx torquilla,Eurasian Wryneck,60
India,Acrocephalus agricola,Paddyfield Warbler,60
India,Perdicula argoondah,Rock Bush-Quail,59
India,Gallus gallus,Red Junglefowl,58
India,Merops persicus,Blue-cheeked Bee-eater,58
India,Micropternus brachyurus,Rufous Woodpecker,58
India,Pluvialis squatarola,Black-bellied Plover,57
India,Phylloscopus griseolus,Sulphur-bellied Warbler,57
India,Coracias garrulus,European Roller,55
India,Calidris tenuirostris,Great Knot,52
India,Pomatorhinus horsfieldii,Indian Scimitar-Babbler,51
India,Zapornia fusca,Ruddy-breasted Crake,51
India,Buceros bicornis,Great Hornbill,50
India,Coracina macei,Indian Cuckooshrike,50
India,Treron affinis,Gray-fronted Green-Pigeon,50
India,Aythya ferina,Common Pochard,49
India,Sternula albifrons,Little Tern,49
India,Ficedula superciliaris,Ultramarine Flycatcher,47
India,Francolinus pictus,Painted Francolin,46
India,Glareola maldivarum,Oriental Pratincole,45
India,Anas platyrhynchos,Mallard,45
India,Icthyophaga ichthyaetus,Gray-headed Fish-Eagle,45
India,Numenius phaeopus,Eurasian Whimbrel,43
India,Tringa erythropus,Spotted Redshank,42
India,Motacilla citreola,Citrine Wagtail,42
India,Zapornia pusilla,Baillon's Crake,42
India,Muscicapa dauurica,Asian Brown Flycatcher,42
India,Botaurus sinensis,Yellow Bittern,42
India,Ocyceros griseus,Malabar Grey Hornbill,41
India,Hemiprocne coronata,Crested Treeswift,41
India,Athene blewitti,Forest Owlet,41
India,Yungipicus nanus,Brown-capped Pygmy Woodpecker,41
India,Accipiter nisus,Eurasian Sparrowhawk,40
India,Pterocles indicus,Painted Sandgrouse,40
India,Chroicocephalus genei,Slender-billed Gull,40
India,Oenanthe deserti,Desert Wheatear,39
India,Caprimulgus affinis,Savanna Nightjar,39
India,Phylloscopus tytleri,Tytler's Leaf Warbler,39
India,Iduna rama,Sykes's Warbler,39
India,Ictinaetus malaiensis,Black Eagle,39
India,Anarhynchus leschenaultii,Greater Sand-Plover,39
India,Calidris alba,Sanderling,38
India,Netta rufina,Red-crested Pochard,38
India,Galerida cristata,Crested Lark,38
India,Coturnix coromandelica,Rain Quail,37
India,Cypsiurus balasiensis,Asian Palm Swift,37
India,Anser cygnoides,Swan Goose,37
India,Sarkidiornis melanotos,Knob-billed Duck,37
India,Anthus hodgsoni,Olive-backed Pipit,37
India,Chrysocolaptes festivus,White-naped Woodpecker,37
India,Zapornia akool,Brown Crake,37
India,Columba elphinstonii,Nilgiri Wood-Pigeon,36
India,Thalasseus bengalensis,Lesser Crested Tern,36
India,Strix leptogrammica,Brown Wood-Owl,34
India,Phaenicophaeus viridirostris,Blue-faced Malkoha,34
India,Culicicapa ceylonensis,Grey-headed Canary-Flycatcher,34
India,Dicrurus aeneus,Bronzed Drongo,33
India,Chalcophaps indica,Asian Emerald Dove,33
India,Aquila rapax,Tawny Eagle,32
India,Larvivora brunnea,Indian Blue Robin,32
India,Calidris alpina,Dunlin,31
India,Hypsipetes ganeesa,Square-tailed Bulbul,31
India,Taccocua leschenaultii,Sirkeer Malkoha,31
India,Haematopus ostralegus,Eurasian Oystercatcher,30
India,Phylloscopus nitidus,Green Warbler,30
India,Clanga hastata,Indian Spotted Eagle,30
India,Calidris falcinellus,Broad-billed Sandpiper,30
India,Botaurus cinnamomeus,Cinnamon Bittern,30
India,Pelargopsis capensis,Stork-billed Kingfisher,29
India,Treron bicinctus,Orange-breasted Green-Pigeon,29
India,Merops leschenaulti,Chestnut-headed Bee-eater,28
India,Leptoptilos javanicus,Lesser Adjutant,28
India,Gyps indicus,Indian Vulture,28
India,Aythya fuligula,Tufted Duck,28
India,Lanius isabellinus,Isabelline Shrike,28
India,Phylloscopus humei,Hume's Leaf Warbler,28
India,Motacilla tschutschensis,Eastern Yellow Wagtail,28
India,Limosa lapponica,Bar-tailed Godwit,27
India,Falco subbuteo,Eurasian Hobby,27
India,Gyps bengalensis,White-rumped Vulture,27
India,Rhipidura aureola,White-browed Fantail,27
India,Harpactes fasciatus,Malabar Trogon,27
India,Buteo buteo,Common Buzzard,27
India,Dendronanthus indicus,Forest Wagtail,26
India,Sturnia blythii,Malabar Starling,26
India,Rubigula gularis,Flame-throated Bulbul,26
India,Cyornis pallidipes,White-bellied Blue Flycatcher,26
India,Rynchops albicollis,Indian Skimmer,25
India,Falco chicquera,Red-necked Falcon,25
India,Lewinia striata,Slaty-breasted Rail,25
India,Ciconia nigra,Black Stork,24
India,Onychoprion anaethetus,Bridled Tern,24
India,Sterna hirundo,Common Tern,23
India,Artamus fuscus,Ashy Woodswallow,23
India,Cinnyris lotenius,Loten's Sunbird,23
India,Batrachostomus moniliger,Sri Lanka Frogmouth,22
India,Tachymarptis melba,Alpine Swift,22
India,Hemipus picatus,Bar-winged Flycatcher-shrike,21
India,Dicaeum concolor,Nilgiri Flowerpecker,21
India,Argya affinis,Yellow-billed Babbler,21
India,Anous tenuirostris,Lesser Noddy,20
India,Muscicapa muttui,Brown-breasted Flycatcher,20
India,Anthus godlewskii,Blyth's Pipit,20
India,Thalasseus bergii,Great Crested Tern,20
India,Ptyonoprogne rupestris,Eurasian Crag-Martin,20
India,Chrysocolaptes socialis,Malabar Flameback,20
India,Halcyon pileata,Black-capped Kingfisher,18
India,Otus sunia,Oriental Scops-Owl,18
India,Microtarsus priocephalus,Grey-headed Bulbul,18
India,Oenanthe isabellina,Isabelline Wheatear,17
India,Anthus similis,Long-billed Pipit,17
India,Cyornis rubeculoides,Blue-throated Flycatcher,17
India,Gallicrex cinerea,Watercock,16
India,Alcedo meninting,Blue-eared Kingfisher,16
India,Ducula aenea,Green Imperial Pigeon,16
India,Esacus recurvirostris,Great Stone-curlew,16
India,Alauda gulgula,Oriental Skylark,16
India,Hemicircus canente,Heart-spotted Woodpecker,16
India,Psittacula columboides,Malabar Parakeet,16
India,Grus grus,Common Crane,15
India,Nyctyornis athertoni,Blue-bearded Bee-eater,15
India,Sitta frontalis,Velvet-fronted Nuthatch,15
India,Emberiza striolata,Striolated Bunting,15
India,Calandrella brachydactyla,Greater Short-toed Lark,15
India,Argya subrufa,Rufous Babbler,15
India,Cacomantis sonneratii,Banded Bay Cuckoo,14
India,Falco naumanni,Lesser Kestrel,14
India,Phylloscopus occipitalis,Western Crowned Warbler,14
India,Thalasseus sandvicensis,Sandwich Tern,14
India,Surniculus dicruroides,Fork-tailed Drongo-Cuckoo,14
India,Cuculus micropterus,Indian Cuckoo,13
India,Pelecanus onocrotalus,Great White Pelican,13
India,Turdus unicolor,Tickell's Thrush,13
India,Calandrella dukhunensis,Mongolian Short-toed Lark,13
India,Botaurus flavicollis,Black Bittern,13
India,Fregata ariel,Lesser Frigatebird,12
India,Charadrius hiaticula,Common Ringed Plover,12
India,Aquila heliaca,Imperial Eagle,12
India,Anser anser,Greylag Goose,12
India,Megalurus palustris,Striated Grassbird,12
India,Phylloscopus inornatus,Yellow-browed Warbler,12
India,Numida meleagris,Helmeted Guineafowl,11
India,Ploceus benghalensis,Black-breasted Weaver,11
India,Ninox scutulata,Brown Boobook,11
India,Dumetia atriceps,Dark-fronted Babbler,11
India,Ardeotis nigriceps,Great Indian Bustard,9
India,Perdicula erythrorhyncha,Painted Bush-Quail,9
India,Cuculus poliocephalus,Lesser Cuckoo,9
India,Gallinago stenura,Pin-tailed Snipe,9
India,Ciconia ciconia,White Stork,9
India,Vanellus duvaucelii,River Lapwing,9
India,Anser fabalis,Taiga Bean Goose,9
India,Prinia buchanani,Rufous-fronted Prinia,9
India,Riparia riparia,Bank Swallow,9
India,Acridotheres ginginianus,Bank Myna,9
India,Picus chlorolophus,Lesser Yellownape,9
India,Asio flammeus,Short-eared Owl,9
India,Turnix tanki,Yellow-legged Buttonquail,9
India,Schoenicola platyurus,Broad-tailed Grassbird,9
India,Sternula saundersi,Saunders's Tern,9
India,Porzana porzana,Spotted Crake,8
India,Sula dactylatra,Masked Booby,8
India,Botaurus stellaris,Eurasian Bittern,8
India,Neophron percnopterus,Egyptian Vulture,8
India,Alauda arvensis,Eurasian Skylark,8
India,Dicrurus hottentottus,Hair-crested Drongo,8
India,Irena puella,Asian Fairy-bluebird,8
India,Caprimulgus atripennis,Jerdon's Nightjar,8
India,Locustella naevia,Common Grasshopper Warbler,8
India,Antigone antigone,Sarus Crane,8
India,Zapornia parva,Little Crake,8
India,Ketupa nipalensis,Spot-bellied Eagle-Owl,8
India,Plocealauda affinis,Jerdon's Bushlark,8
India,Vanellus cinereus,Grey-headed Lapwing,7
India,Aythya nyroca,Ferruginous Duck,7
India,Turdus obscurus,Eyebrowed Thrush,7
India,Otus brucei,Pallid Scops-Owl,7
India,Phylloscopus affinis,Tickell's Leaf Warbler,7
India,Limnodromus scolopaceus,Long-billed Dowitcher,6
India,Cairina moschata,Muscovy Duck,6
India,Muscicapa striata,Spotted Flycatcher,6
India,Lonchura kelaarti,Black-throated Munia,6
India,Picumnus innominatus,Speckled Piculet,6
India,Anser anser × cygnoides,Greylag × Swan Goose,6
India,Ficedula ruficauda,Rusty-tailed Flycatcher,6
India,Galloperdix lunulata,Painted Spurfowl,5
India,Calidris canutus,Red Knot,5
India,Mergus serrator,Red-breasted Merganser,5
India,Ficedula westermanni,Little Pied Flycatcher,5
India,Delichon urbicum,Western House Martin,5
India,Onychoprion fuscatus,Sooty Tern,5
India,Arachnothera longirostra,Little Spiderhunter,5
India,Tachyspiza virgata,Besra,5
India,Rallina eurizonoides,Slaty-legged Crake,4
India,Glareola pratincola,Collared Pratincole,4
India,Sarcogyps calvus,Red-headed Vulture,4
India,Tadorna tadorna,Common Shelduck,4
India,Cyanoptila cyanomelana,Blue-and-white Flycatcher,4
India,Anthus cervinus,Red-throated Pipit,4
India,Anthus richardi,Richard's Pipit,4
India,Turnix sylvaticus,Common Buttonquail,4
India,Psilopogon malabaricus,Malabar Barbet,4
India,Sitta castanea,Indian Nuthatch,4
India,Curruca crassirostris,Eastern Orphean Warbler,4
India,Ducula cuprea,Malabar Imperial Pigeon,4
India,Grus virgo,Demoiselle Crane,3
India,Phalaropus lobatus,Red-necked Phalarope,3
India,Oceanites oceanicus,Wilson's Storm-Petrel,3
India,Podiceps nigricollis,Eared Grebe,3
India,Larus cachinnans,Caspian Gull,3
India,Chlidonias leucopterus,White-winged Tern,3
India,Falco jugger,Laggar Falcon,3
India,Anser albifrons,Greater White-fronted Goose,3
India,Monticola saxatilis,Rufous-tailed Rock-Thrush,3
India,Rallus aquaticus,Water Rail,3
India,Salpornis spilonota,Indian Spotted Creeper,3
India,Lophospiza trivirgata,Crested Goshawk,3
India,Coturnix coturnix,Common Quail,2
India,Eurystomus orientalis,Dollarbird,2
India,Tringa guttifer,Nordmann's Greenshank,2
India,Stercorarius parasiticus,Parasitic Jaeger,2
India,Dromas ardeola,Crab-Plover,2
India,Buteo rufinus,Long-legged Buzzard,2
India,Aviceda leuphotes,Black Baza,2
India,Mirafra javanica,Singing Bushlark,2
India,Melanocorypha bimaculata,Bimaculated Lark,2
India,Pericrocotus cantonensis,Brown-rumped Minivet,2
India,Oriolus chinensis,Black-naped Oriole,2
India,Phoenicurus phoenicurus,Common Redstart,2
India,Ploceus manyar,Streaked Weaver,2
India,Agapornis roseicollis,Rosy-faced Lovebird,2
India,Melopsittacus undulatus,Budgerigar,2
India,Padda oryzivora,Java Sparrow,2
India,Lophotriorchis kienerii,Rufous-bellied Eagle,2
India,Phylloscopus fuscatus,Dusky Warbler,2
India,Riparia chinensis,Grey-throated Martin,2
India,Rhipidura albicollis,White-throated Fantail,2
India,Circus spilonotus,Eastern Marsh Harrier,2
India,Curruca nana,Asian Desert Warbler,2
India,Helopsaltes certhiola,Pallas's Grasshopper Warbler,2
India,Anarhynchus asiaticus,Caspian Plover,2
India,Sypheotides indicus,Lesser Florican,1
India,Meleagris gallopavo,Wild Turkey,1
Singapore,Gallus gallus,Red Junglefowl,7226
Singapore,Pycnonotus goiavier,Yellow-vented Bulbul,5988
Singapore,Acridotheres javanicus,Javan Myna,5343
Singapore,Treron vernans,Pink-necked Green-Pigeon,4485
Singapore,Amaurornis phoenicurus,White-breasted Waterhen,4432
Singapore,Cinnyris ornatus,Ornate Sunbird,4212
Singapore,Todiramphus chloris,Collared Kingfisher,3731
Singapore,Copsychus saularis,Oriental Magpie-Robin,3691
Singapore,Geopelia striata,Zebra Dove,3616
Singapore,Spilopelia chinensis,Spotted Dove,3599
Singapore,Oriolus chinensis,Black-naped Oriole,3584
Singapore,Anthracoceros albirostris,Oriental Pied Hornbill,3134
Singapore,Columba livia,Rock Pigeon,3034
Singapore,Aplonis panayensis,Asian Glossy Starling,2733
Singapore,Ardea cinerea,Grey Heron,2694
Singapore,Corvus splendens,House Crow,2674
Singapore,Anthreptes malacensis,Brown-throated Sunbird,2529
Singapore,Butorides atricapilla,Little Heron,2471
Singapore,Icthyophaga leucogaster,White-bellied Sea-Eagle,2454
Singapore,Halcyon smyrnensis,White-throated Kingfisher,2352
Singapore,Egretta garzetta,Little Egret,2338
Singapore,Eudynamys scolopaceus,Asian Koel,2103
Singapore,Pernis ptilorhynchus,Oriental Honey-buzzard,2052
Singapore,Dicrurus paradiseus,Greater Racket-tailed Drongo,1906
Singapore,Hirundo javanica,Pacific Swallow,1759
Singapore,Merops viridis,Blue-throated Bee-eater,1746
Singapore,Haliastur indus,Brahminy Kite,1713
Singapore,Orthotomus ruficeps,Ashy Tailorbird,1663
Singapore,Psittacula krameri,Rose-ringed Parakeet,1660
Singapore,Pycnonotus plumosus,Olive-winged Bulbul,1651
Singapore,Dinopium javanense,Common Flameback,1636
Singapore,Rhipidura javanica,Malaysian Pied-Fantail,1628
Singapore,Ardea purpurea,Purple Heron,1580
Singapore,Psittacula alexandri,Red-breasted Parakeet,1561
Singapore,Passer montanus,Eurasian Tree Sparrow,1519
Singapore,Anastomus oscitans,Asian Openbill,1477
Singapore,Aethopyga siparaja,Crimson Sunbird,1408
Singapore,Merops philippinus,Blue-tailed Bee-eater,1299
Singapore,Dicaeum cruentatum,Scarlet-backed Flowerpecker,1274
Singapore,Actitis hypoleucos,Common Sandpiper,1238
Singapore,Acridotheres tristis,Common Myna,1229
Singapore,Eurystomus orientalis,Dollarbird,1215
Singapore,Muscicapa dauurica,Asian Brown Flycatcher,1182
Singapore,Garrulax leucolophus,White-crested Laughingthrush,1122
Singapore,Ketupa ketupu,Buffy Fish-Owl,1109
Singapore,Lanius schach,Long-tailed Shrike,1082
Singapore,Lonchura punctulata,Scaly-breasted Munia,1052
Singapore,Mixornis gularis,Pin-striped Tit-Babbler,1051
Singapore,Pelargopsis capensis,Stork-billed Kingfisher,1018
Singapore,Psilopogon lineatus,Lineated Barbet,1001
Singapore,Orthotomus sutorius,Common Tailorbird,992
Singapore,Pycnonotus zeylanicus,Straw-headed Bulbul,981
Singapore,Ardea intermedia,Medium Egret,975
Singapore,Nisaetus cirrhatus,Changeable Hawk-Eagle,956
Singapore,Tringa totanus,Common Redshank,914
Singapore,Botaurus sinensis,Yellow Bittern,914
Singapore,Aegithina tiphia,Common Iora,861
Singapore,Ducula bicolor,Pied Imperial Pigeon,841
Singapore,Gracula religiosa,Common Hill Myna,823
Singapore,Nycticorax nycticorax,Black-crowned Night Heron,764
Singapore,Yungipicus moluccensis,Sunda Pygmy Woodpecker,745
Singapore,Lanius cristatus,Brown Shrike,740
Singapore,Picus vittatus,Laced Woodpecker,695
Singapore,Caprimulgus macrurus,Large-tailed Nightjar,668
Singapore,Anthus rufulus,Paddyfield Pipit,660
Singapore,Chalcophaps indica,Asian Emerald Dove,656
Singapore,Alcedo atthis,Common Kingfisher,655
Singapore,Zosterops simplex,Swinhoe's White-eye,633
Singapore,Lophospiza trivirgata,Crested Goshawk,622
Singapore,Icthyophaga ichthyaetus,Gray-headed Fish-Eagle,616
Singapore,Mycteria cinerea,Milky Stork,615
Singapore,Ardea alba,Great Egret,605
Singapore,Chrysophlegma miniaceum,Banded Woodpecker,594
Singapore,Numenius phaeopus,Eurasian Whimbrel,558
Singapore,Anarhynchus peronii,Malaysian Plover,530
Singapore,Pycnonotus jocosus,Red-whiskered Bulbul,526
Singapore,Dicaeum trigonostigma,Orange-bellied Flowerpecker,515
Singapore,Strix seloputo,Spotted Wood-Owl,502
Singapore,Leptocoma calcostetha,Copper-throated Sunbird,491
Singapore,Dendrocygna javanica,Lesser Whistling-Duck,488
Singapore,Phylloscopus borealis,Arctic Warbler,487
Singapore,Ardea sumatrana,Great-billed Heron,481
Singapore,Copsychus malabaricus,White-rumped Shama,480
Singapore,Cacatua goffiniana,Tanimbar Corella,479
Singapore,Psittacula longicauda,Long-tailed Parakeet,478
Singapore,Mycteria cinerea × leucocephala,Milky × Painted Stork,467
Singapore,Lalage nigra,Pied Triller,435
Singapore,Loriculus galgulus,Blue-crowned Hanging-Parrot,420
Singapore,Vanellus indicus,Red-wattled Lapwing,411
Singapore,Tachyspiza gularis,Japanese Sparrowhawk,378
Singapore,Pluvialis fulva,Pacific Golden-Plover,376
Singapore,Anarhynchus atrifrons,Tibetan Sand-Plover,371
Singapore,Ploceus philippinus,Baya Weaver,356
Singapore,Pycnonotus aurigaster,Sooty-headed Bulbul,335
Singapore,Mycteria leucocephala,Painted Stork,324
Singapore,Orthotomus atrogularis,Dark-necked Tailorbird,321
Singapore,Ardea coromanda,Eastern Cattle-Egret,320
Singapore,Psilopogon haemacephalus,Coppersmith Barbet,319
Singapore,Cygnus atratus,Black Swan,318
Singapore,Otus lettia,Collared Scops-Owl,316
Singapore,Pitta moluccensis,Blue-winged Pitta,305
Singapore,Sternula albifrons,Little Tern,294
Singapore,Lanius tigrinus,Tiger Shrike,293
Singapore,Ardeola bacchus,Chinese Pond-Heron,290
Singapore,Lonchura leucogastroides,Javan Munia,290
Singapore,Ninox scutulata,Brown Boobook,285
Singapore,Ploceus jacksoni,Golden-backed Weaver,282
Singapore,Alcedo meninting,Blue-eared Kingfisher,278
Singapore,Lonchura atricapilla,Chestnut Munia,267
Singapore,Irena puella,Asian Fairy-bluebird,264
Singapore,Rallina fasciata,Red-legged Crake,260
Singapore,Aviceda leuphotes,Black Baza,255
Singapore,Ficedula zanthopygia,Yellow-rumped Flycatcher,254
Singapore,Pycnonotus brunneus,Asian Red-eyed Bulbul,239
Singapore,Anhinga melanogaster,Oriental Darter,222
Singapore,Corvus macrorhynchos,Large-billed Crow,216
Singapore,Hirundo rustica,Barn Swallow,215
Singapore,Tringa nebularia,Common Greenshank,211
Singapore,Myiopsitta monachus,Monk Parakeet,208
Singapore,Micropternus brachyurus,Rufous Woodpecker,208
Singapore,Cuculus micropterus,Indian Cuckoo,207
Singapore,Lewinia striata,Slaty-breasted Rail,206
Singapore,Lonchura maja,White-headed Munia,205
Singapore,Egretta sacra,Pacific Reef Heron,203
Singapore,Vanellus miles,Masked Lapwing,200
Singapore,Surniculus lugubris,Square-tailed Drongo-Cuckoo,181
Singapore,Psilopogon rafflesii,Red-crowned Barbet,179
Singapore,Tachyspiza soloensis,Chinese Sparrowhawk,179
Singapore,Pavo cristatus,Indian Peafowl,178
Singapore,Terpsiphone incei,Amur Paradise-Flycatcher,176
Singapore,Aviceda jerdoni,Jerdon's Baza,175
Singapore,Elanus caeruleus,Black-winged Kite,174
Singapore,Cisticola juncidis,Zitting Cisticola,168
Singapore,Anarhynchus alexandrinus,Kentish Plover,160
Singapore,Leptoptilos javanicus,Lesser Adjutant,158
Singapore,Estrilda melpoda,Orange-cheeked Waxbill,157
Singapore,Arachnothera longirostra,Little Spiderhunter,155
Singapore,Estrilda astrild,Common Waxbill,152
Singapore,Pericrocotus divaricatus,Ashy Minivet,148
Singapore,Pitta megarhyncha,Mangrove Pitta,148
Singapore,Pitta sordida,Western Hooded Pitta,145
Singapore,Tachybaptus ruficollis,Little Grebe,144
Singapore,Ceyx erithaca,Black-backed Dwarf Kingfisher,144
Singapore,Acrocephalus orientalis,Oriental Reed Warbler,142
Singapore,Centropus bengalensis,Lesser Coucal,141
Singapore,Trichoglossus haematodus,Coconut Lorikeet,139
Singapore,Phaenicophaeus sumatranus,Chestnut-bellied Malkoha,133
Singapore,Motacilla tschutschensis,Eastern Yellow Wagtail,133
Singapore,Chalcites minutillus,Little Bronze Cuckoo,133
Singapore,Zapornia fusca,Ruddy-breasted Crake,130
Singapore,Clamator coromandus,Chestnut-winged Cuckoo,129
Singapore,Agropsar sturninus,Daurian Starling,128
Singapore,Buceros rhinoceros,Rhinoceros Hornbill,125
Singapore,Ficedula mugimaki,Mugimaki Flycatcher,122
Singapore,Spilornis cheela,Crested Serpent-Eagle,121
Singapore,Dicrurus annectens,Crow-billed Drongo,121
Singapore,Treron curvirostra,Thick-billed Green-Pigeon,120
Singapore,Muscicapa sibirica,Dark-sided Flycatcher,119
Singapore,Pavo cristatus × muticus,Spalding Peafowl,119
Singapore,Falco peregrinus,Peregrine Falcon,118
Singapore,Pandion haliaetus,Osprey,118
Singapore,Prinia flaviventris,Yellow-bellied Prinia,111
Singapore,Ducula aenea,Green Imperial Pigeon,106
Singapore,Rostratula benghalensis,Greater Painted-Snipe,100
Singapore,Cacomantis sepulcralis,Sunda brush cuckoo,98
Singapore,Pycnonotus simplex,Cream-vented Bulbul,98
Singapore,Apus pacificus,Pacific Swift,97
Singapore,Botaurus eurhythmus,Schrenck's Bittern,97
Singapore,Tringa glareola,Wood Sandpiper,95
Singapore,Anarhynchus dealbatus,White-faced Plover,95
Singapore,Hemiprocne longipennis,Gray-rumped Treeswift,94
Singapore,Cacomantis merulinus,Plaintive Cuckoo,90
Singapore,Chloropsis moluccensis,Blue-winged Leafbird,90
Singapore,Psittinus cyanurus,Blue-rumped Parrot,89
Singapore,Hierococcyx nisicolor,Hodgson's Hawk-Cuckoo,87
Singapore,Pitta nympha,Fairy Pitta,84
Singapore,Geokichla citrina,Orange-headed Thrush,83
Singapore,Ramphiculus jambu,Jambu Fruit Dove,82
Singapore,Halcyon coromanda,Ruddy Kingfisher,79
Singapore,Apus nipalensis,House Swift,79
Singapore,Chloropsis sonnerati,Greater Green Leafbird,79
Singapore,Xenus cinereus,Terek Sandpiper,78
Singapore,Cyornis brunneatus,Brown-chested Jungle Flycatcher,78
Singapore,Gorsachius melanolophus,Malayan Night Heron,75
Singapore,Cecropis daurica,Eastern Red-rumped Swallow,75
Singapore,Chlidonias leucopterus,White-winged Tern,73
Singapore,Ardeola speciosa,Javan Pond-Heron,73
Singapore,Caprimulgus jotaka,Gray Nightjar,73
Singapore,Botaurus cinnamomeus,Cinnamon Bittern,73
Singapore,Muscicapa ferruginea,Ferruginous Flycatcher,72
Singapore,Phylloscopus coronatus,Eastern Crowned Warbler,71
Singapore,Ficedula elisae,Green-backed Flycatcher,71
Singapore,Crithagra mozambica,Yellow-fronted Canary,66
Singapore,Orthotomus sericeus,Rufous-tailed Tailorbird,64
Singapore,Thinornis dubius,Little Ringed Plover,63
Singapore,Streptopelia tranquebarica,Red Collared-Dove,62
Singapore,Acrocephalus bistrigiceps,Black-browed Reed Warbler,62
Singapore,Botaurus flavicollis,Black Bittern,62
Singapore,Sterna sumatrana,Black-naped Tern,61
Singapore,Motacilla alba,White Wagtail,61
Singapore,Terpsiphone atrocaudata,Black Paradise-Flycatcher,58
Singapore,Lophotriorchis kienerii,Rufous-bellied Eagle,57
Singapore,Larvivora cyane,Siberian Blue Robin,57
Singapore,Hierococcyx sparverioides,Large Hawk-Cuckoo,57
Singapore,Glareola maldivarum,Oriental Pratincole,54
Singapore,Caprimulgus affinis,Savanna Nightjar,54
Singapore,Leptocoma brasiliana,Van Hasselt's Sunbird,54
Singapore,Gerygone sulphurea,Golden-bellied Gerygone,52
Singapore,Pluvialis squatarola,Black-bellied Plover,51
Singapore,Ploceus hypoxanthus,Asian Golden Weaver,51
Singapore,Malacocincla abbotti,Abbott's Babbler,51
Singapore,Cacatua goffiniana × sulphurea,Tanimbar Corella × Yellow-crested Cockatoo,51
Singapore,Centropus sinensis,Greater Coucal,50
Singapore,Geokichla sibirica,Siberian Thrush,50
Singapore,Terpsiphone affinis,Blyth's Paradise-Flycatcher,50
Singapore,Cacomantis sonneratii,Banded Bay Cuckoo,48
Singapore,Gallinula chloropus,Common Moorhen,46
Singapore,Zapornia pusilla,Baillon's Crake,46
Singapore,Butastur indicus,Gray-faced Buzzard,45
Singapore,Motacilla cinerea,Grey Wagtail,45
Singapore,Otus sunia,Oriental Scops-Owl,45
Singapore,Vidua macroura,Pin-tailed Whydah,43
Singapore,Cacatua sulphurea,Yellow-crested Cockatoo,43
Singapore,Thalasseus bergii,Great Crested Tern,43
Singapore,Cyornis rufigastra,Mangrove Blue Flycatcher,42
Singapore,Ketupa sumatrana,Barred Eagle-Owl,42
Singapore,Dendronanthus indicus,Forest Wagtail,40
Singapore,Tringa stagnatilis,Marsh Sandpiper,39
Singapore,Numenius arquata,Eurasian Curlew,38
Singapore,Turdus obscurus,Eyebrowed Thrush,38
Singapore,Synoicus chinensis,Blue-breasted Quail,38
Singapore,Gallicrex cinerea,Watercock,37
Singapore,Sturnia sinensis,White-shouldered Starling,37
Singapore,Ardeola grayii,Indian Pond-Heron,36
Singapore,Halcyon pileata,Black-capped Kingfisher,35
Singapore,Ficedula albicilla,Taiga Flycatcher,35
Singapore,Collocalia affinis,Plume-toed Swiftlet,35
Singapore,Circus spilonotus,Eastern Marsh Harrier,35
Singapore,Chrysococcyx xanthorhynchus,Violet Cuckoo,34
Singapore,Himantopus himantopus,Black-winged Stilt,34
Singapore,Hemixos cinereus,Cinereous Bulbul,34
Singapore,Cymbirhynchus macrorhynchos,Black-and-red Broadbill,33
Singapore,Clanga clanga,Greater Spotted Eagle,33
Singapore,Gyps himalayensis,Himalayan Griffon,32
Singapore,Cyanoptila cyanomelana,Blue-and-white Flycatcher,32
Singapore,Hierococcyx fugax,Malaysian Hawk-Cuckoo,32
Singapore,Pellorneum malaccense,Short-tailed Babbler,32
Singapore,Egretta eulophotes,Chinese Egret,31
Singapore,Hieraaetus pennatus,Booted Eagle,30
Singapore,Turnix suscitator,Barred Buttonquail,30
Singapore,Limosa lapponica,Bar-tailed Godwit,29
Singapore,Pachycephala cinerea,Mangrove Whistler,28
Singapore,Muscicapa williamsoni,Brown-streaked Flycatcher,28
Singapore,Hemipus hirundinaceus,Black-winged Flycatcher-shrike,26
Singapore,Microhierax fringillarius,Black-thighed Falconet,25
Singapore,Anas platyrhynchos,Mallard,25
Singapore,Chlidonias hybrida,Whiskered Tern,25
Singapore,Rubigula flaviventris,Black-crested Bulbul,25
Singapore,Anarhynchus leschenaultii,Greater Sand-Plover,25
Singapore,Nettapus coromandelianus,Cotton Pygmy-Goose,24
Singapore,Cairina moschata,Muscovy Duck,23
Singapore,Phoenicurus ochruros,Black Redstart,23
Singapore,Lonchura striata,White-rumped Munia,23
Singapore,Saxicola stejnegeri,Amur Stonechat,23
Singapore,Chrysococcyx maculatus,Asian Emerald Cuckoo,22
Singapore,Mulleripicus pulverulentus,Great Slaty Woodpecker,22
Singapore,Phylloscopus inornatus,Yellow-browed Warbler,22
Singapore,Berenicornis comatus,White-crowned Hornbill,22
Singapore,Treron fulvicollis,Cinnamon-headed Green-Pigeon,21
Singapore,Phoenicurus auroreus,Daurian Redstart,21
Singapore,Poliolimnas cinereus,White-browed Crake,21
Singapore,Ficedula narcissina,Narcissus Flycatcher,20
Singapore,Phylloscopus fuscatus,Dusky Warbler,20
Singapore,Cyanoptila cumatilis,Zappey's Flycatcher,20
Singapore,Spermestes cucullata,Bronze Mannikin,20
Singapore,Tyto javanica,Eastern Barn Owl,20
Singapore,Spodiopsar sericeus,Red-billed Starling,20
Singapore,Terpsiphone paradisi,Indian Paradise-Flycatcher,20
Singapore,Helopsaltes certhiola,Pallas's Grasshopper Warbler,20
Singapore,Falco amurensis,Amur Falcon,19
Singapore,Cypsiurus balasiensis,Asian Palm Swift,19
Singapore,Muscicapa striata,Spotted Flycatcher,19
Singapore,Cacatua galerita,Sulphur-crested Cockatoo,19
Singapore,Pterorhinus chinensis,Black-throated Laughingthrush,19
Singapore,Microtarsus melanocephalos,Black-headed Bulbul,19
Singapore,Calidris ferruginea,Curlew Sandpiper,18
Singapore,Milvus migrans,Black Kite,18
Singapore,Balearica regulorum,Gray Crowned-Crane,17
Singapore,Calidris ruficollis,Red-necked Stint,17
Singapore,Cygnus olor,Mute Swan,17
Singapore,Onychoprion anaethetus,Bridled Tern,17
Singapore,Cyanoderma erythropterum,Chestnut-winged Babbler,17
Singapore,Circus melanoleucos,Pied Harrier,16
Singapore,Calyptomena viridis,Green Broadbill,16
Singapore,Garrulax canorus,Chinese Hwamei,16
Singapore,Upupa epops,Common Hoopoe,16
Singapore,Onychoprion aleuticus,Aleutian Tern,16
Singapore,Gallinago gallinago,Common Snipe,16
Singapore,Chalcites basalis,Horsfield's Bronze Cuckoo,16
Singapore,Arenaria interpres,Ruddy Turnstone,15
Singapore,Hydrophasianus chirurgus,Pheasant-tailed Jacana,15
Singapore,Anthus cervinus,Red-throated Pipit,15
Singapore,Estrilda rhodopyga,Crimson-rumped Waxbill,15
Singapore,Zapornia paykullii,Band-bellied Crake,15
Singapore,Calidris alba,Sanderling,14
Singapore,Anthracoceros malayanus,Black Hornbill,14
Singapore,Thalasseus bengalensis,Lesser Crested Tern,14
Singapore,Chalcoparia singalensis,Ruby-cheeked Sunbird,14
Singapore,Gallinago stenura,Pin-tailed Snipe,13
Singapore,Dicrurus leucophaeus,Ashy Drongo,13
Singapore,Riparia riparia,Bank Swallow,13
Singapore,Monticola solitarius,Blue Rock-Thrush,13
Singapore,Ninox japonica,Northern Boobook,13
Singapore,Pastor roseus,Rosy Starling,13
Singapore,Pachyglossa chrysorrhea,Yellow-vented Flowerpecker,13
Singapore,Estrilda troglodytes,Black-rumped Waxbill,12
Singapore,Locustella lanceolata,Lanceolated Warbler,12
Singapore,Hydrobates monorhis,Swinhoe's Storm-Petrel,12
Singapore,Gracupica floweri,Siamese Pied Starling,12
Singapore,Anarhynchus veredus,Oriental Plover,12
Singapore,Clamator jacobinus,Pied Cuckoo,11
Singapore,Calidris subminuta,Long-toed Stint,11
Singapore,Falco tinnunculus,Eurasian Kestrel,11
Singapore,Rallina eurizonoides,Slaty-legged Crake,10
Singapore,Aegypius monachus,Cinereous Vulture,10
Singapore,Delichon dasypus,Asian House Martin,10
Singapore,Arachnothera chrysogenys,Yellow-eared Spiderhunter,10
Singapore,Euplectes nigroventris,Zanzibar Red Bishop,10
Singapore,Pachyglossa agilis,Thick-billed Flowerpecker,10
Singapore,Cuculus saturatus,Himalayan Cuckoo,9
Singapore,Threskiornis melanocephalus,Black-headed Ibis,9
Singapore,Limnodromus semipalmatus,Asian Dowitcher,9
Singapore,Himantopus leucocephalus,Pied Stilt,9
Singapore,Vanellus cinereus,Grey-headed Lapwing,9
Singapore,Hirundapus caudacutus,White-throated Needletail,9
Singapore,Dicrurus macrocercus,Black Drongo,9
Singapore,Saxicola caprata,Pied Bushchat,9
Singapore,Monticola gularis,White-throated Rock-Thrush,9
Singapore,Motacilla citreola,Citrine Wagtail,9
Singapore,Phylloscopus trochilus,Willow Warbler,9
Singapore,Hypothymis azurea,Black-naped Monarch,9
Singapore,Sturnia pagodarum,Brahminy Starling,9
Singapore,Circaetus gallicus,Short-toed Snake-Eagle,8
Singapore,Hirundapus giganteus,Brown-backed Needletail,8
Singapore,Dendrocygna arcuata,Wandering Whistling-Duck,8
Singapore,Chloropsis cyanopogon,Lesser Green Leafbird,8
Singapore,Passer domesticus,House Sparrow,8
Singapore,Sturnus vulgaris,European Starling,8
Singapore,Calidris tenuirostris,Great Knot,7
Singapore,Limosa limosa,Black-tailed Godwit,7
Singapore,Alauda arvensis,Eurasian Skylark,7
Singapore,Anthus trivialis,Tree Pipit,7
Singapore,Chroicocephalus ridibundus,Black-headed Gull,7
Singapore,Gelochelidon nilotica,Gull-billed Tern,7
Singapore,Calidris falcinellus,Broad-billed Sandpiper,7
Singapore,Agropsar philippensis,Chestnut-cheeked Starling,7
Singapore,Muscicapa muttui,Brown-breasted Flycatcher,6
Singapore,Prionochilus percussus,Crimson-breasted Flowerpecker,6
Singapore,Amandava amandava,Red Avadavat,6
Singapore,Ixos malaccensis,Streaked Bulbul,6
Singapore,Melopsittacus undulatus,Budgerigar,6
Singapore,Phylloscopus borealoides,Sakhalin Leaf Warbler,6
Singapore,Aerodramus maximus,Black-nest Swiftlet,6
Singapore,Porphyrio poliocephalus,Gray-headed Swamphen,6
Singapore,Cyornis glaucicomans,Chinese Blue Flycatcher,6
Singapore,Pica serica,Oriental Magpie,6
Singapore,Tringa ochropus,Green Sandpiper,5
Singapore,Sterna hirundo,Common Tern,5
Singapore,Aythya fuligula,Tufted Duck,5
Singapore,Muscicapa griseisticta,Gray-streaked Flycatcher,5
Singapore,Lonchura ferruginosa,White-capped Munia,5
Singapore,Pycnonotus finlaysoni,Stripe-throated Bulbul,5
Singapore,Iduna caligata,Booted Warbler,5
Singapore,Spodiopsar cineraceus,White-cheeked Starling,5
Singapore,Eclectus polychloros,Papuan Eclectus,5
Singapore,Streptopelia orientalis,Oriental Turtle-Dove,4
Singapore,Buceros bicornis,Great Hornbill,4
Singapore,Erpornis zantholeuca,White-bellied Erpornis,4
Singapore,Ketupa zeylonensis,Brown Fish-Owl,4
Singapore,Aerodramus fuciphagus,White-nest Swiftlet,4
Singapore,Treron phayrei,Ashy-headed Green-Pigeon,4
Singapore,Buteo buteo,Common Buzzard,4
Singapore,Parus cinereus,Asian Tit,4
Singapore,Phylloscopus plumbeitarsus,Two-barred Warbler,4
Singapore,Ardenna tenuirostris,Short-tailed Shearwater,4
Singapore,Buteo japonicus,Eastern Buzzard,4
Singapore,Zoothera aurea,White's Thrush,4
Singapore,Tephrodornis virgatus,Large Woodshrike,4
Singapore,Delichon lagopodum,Siberian House Martin,4
Singapore,Coturnix japonica,Japanese Quail,3
Singapore,Treron olax,Little Green-Pigeon,3
Singapore,Sula sula,Red-footed Booby,3
Singapore,Phalacrocorax carbo,Great Cormorant,3
Singapore,Aquila heliaca,Imperial Eagle,3
Singapore,Hirundapus cochinchinensis,Silver-backed Needletail,3
Singapore,Ploceus manyar,Streaked Weaver,3
Singapore,Uraeginthus bengalus,Red-cheeked Cordonbleu,3
Singapore,Pellorneum rostratum,White-chested Babbler,3
Singapore,Crithagra atrogularis,Black-throated Canary,3
Singapore,Ketupa zeylonensis × ketupu,Brown × Buffy Fish-Owl,3
Singapore,Microtarsus melanoleucos,Black-and-white Bulbul,3
Singapore,Tachyspiza virgata,Besra,3
Singapore,Lophura nycthemera,Silver Pheasant,2
Singapore,Sula leucogaster,Brown Booby,2
Singapore,Stercorarius longicaudus,Long-tailed Jaeger,2
Singapore,Stercorarius parasiticus,Parasitic Jaeger,2
Singapore,Fregata ariel,Lesser Frigatebird,2
Singapore,Hemiprocne comata,Whiskered Treeswift,2
Singapore,Aix galericulata,Mandarin Duck,2
Singapore,Dicrurus hottentottus,Hair-crested Drongo,2
Singapore,Euplectes franciscanus,Northern Red Bishop,2
Singapore,Euplectes afer,Yellow-crowned Bishop,2
Singapore,Agapornis fischeri,Fischer's Lovebird,2
Singapore,Psittacus erithacus,Gray Parrot,2
Singapore,Nymphicus hollandicus,Cockatiel,2
Singapore,Tringa brevipes,Grey-tailed Tattler,2
Singapore,Porphyrio indicus,Black-backed Swamphen,2
Singapore,Ardenna pacifica,Wedge-tailed Shearwater,2
Singapore,Urocissa erythroryncha,Red-billed Blue-Magpie,2
Singapore,Spatula clypeata,Northern Shoveler,2
Singapore,Mareca penelope,Eurasian Wigeon,2
Singapore,Acridotheres leucocephalus,Vinous-breasted Myna,2
Singapore,Heliopais personatus,Masked Finfoot,1
Singapore,Alectoris chukar,Chukar,1
Singapore,Meleagris gallopavo,Wild Turkey,1
Singapore,Streptopelia roseogrisea,African Collared-Dove,1
Singapore,Ducula badia,Mountain Imperial Pigeon,1
Singapore,Calidris melanotos,Pectoral Sandpiper,1
Singapore,Tringa guttifer,Nordmann's Greenshank,1
Singapore,Phalaropus lobatus,Red-necked Phalarope,1
Singapore,Stercorarius pomarinus,Pomarine Jaeger,1
Singapore,Fregata andrewsi,Christmas Island Frigatebird,1
Singapore,Aquila nipalensis,Steppe Eagle,1
Singapore,Accipiter nisus,Eurasian Sparrowhawk,1
Singapore,Macheiramphus alcinus,Bat Hawk,1
Singapore,Dendrocygna autumnalis,Black-bellied Whistling-Duck,1
Singapore,Anser cygnoides,Swan Goose,1
Singapore,Emberiza melanocephala,Black-headed Bunting,1
Singapore,Prionochilus thoracicus,Scarlet-breasted Flowerpecker,1
Singapore,Ploceus melanocephalus,Black-headed Weaver,1
Singapore,Euplectes orix,Southern Red Bishop,1
Singapore,Amadina fasciata,Cut-throat Finch,1
Singapore,Dryocopus javensis,White-bellied Woodpecker,1
Singapore,Amazona amazonica,Orange-winged Amazon,1
Singapore,Ara chloropterus,Red-and-green Macaw,1
Singapore,Ara ararauna,Blue-and-yellow Macaw,1
Singapore,Myophonus caeruleus,Blue Whistling-Thrush,1
Singapore,Serinus alario,Black-headed Canary,1
Singapore,Padda oryzivora,Java Sparrow,1
Singapore,Phylloscopus tenellipes,Pale-legged Leaf Warbler,1
Singapore,Probosciger aterrimus,Palm Cockatoo,1
Singapore,Spermestes bicolor,Black-and-white Mannikin,1
Singapore,Aratinga solstitialis,Sun Parakeet,1
Singapore,Pericrocotus speciosus,Scarlet Minivet,1
Singapore,Radjah radjah,Radjah Shelduck,1
Singapore,Meiglyptes grammithorax,Buff-rumped Woodpecker,1
Singapore,Trichoglossus borneus,Red Lory,1
United Kingdom,Anas platyrhynchos,Mallard,40262
United Kingdom,Erithacus rubecula,European Robin,39210
United Kingdom,Columba palumbus,Common Wood-Pigeon,30674
United Kingdom,Turdus merula,Eurasian Blackbird,29363
United Kingdom,Cygnus olor,Mute Swan,25856
United Kingdom,Ardea cinerea,Grey Heron,24666
United Kingdom,Pica pica,Eurasian Magpie,22646
United Kingdom,Corvus corone,Carrion Crow,22638
United Kingdom,Chroicocephalus ridibundus,Black-headed Gull,22429
United Kingdom,Gallinula chloropus,Common Moorhen,21564
United Kingdom,Cyanistes caeruleus,Eurasian Blue Tit,20929
United Kingdom,Branta canadensis,Canada Goose,20700
United Kingdom,Larus argentatus,European Herring Gull,19952
United Kingdom,Fulica atra,Eurasian Coot,18597
United Kingdom,Passer domesticus,House Sparrow,17062
United Kingdom,Anser anser,Greylag Goose,16234
United Kingdom,Carduelis carduelis,European Goldfinch,16117
United Kingdom,Columba livia,Rock Pigeon,15927
United Kingdom,Fringilla coelebs,Common Chaffinch,15875
United Kingdom,Parus major,Great Tit,15852
United Kingdom,Phalacrocorax carbo,Great Cormorant,15364
United Kingdom,Coloeus monedula,Eurasian Jackdaw,15107
United Kingdom,Sturnus vulgaris,European Starling,15070
United Kingdom,Buteo buteo,Common Buzzard,14390
United Kingdom,Motacilla alba,White Wagtail,13990
United Kingdom,Aythya fuligula,Tufted Duck,13935
United Kingdom,Prunella modularis,Dunnock,13304
United Kingdom,Phasianus colchicus,Ring-necked Pheasant,11517
United Kingdom,Haematopus ostralegus,Eurasian Oystercatcher,11473
United Kingdom,Egretta garzetta,Little Egret,11298
United Kingdom,Turdus philomelos,Song Thrush,10680
United Kingdom,Falco tinnunculus,Eurasian Kestrel,10453
United Kingdom,Aegithalos caudatus,Long-tailed Tit,10411
United Kingdom,Alopochen aegyptiaca,Egyptian Goose,10120
United Kingdom,Saxicola rubicola,European Stonechat,10083
United Kingdom,Troglodytes troglodytes,Eurasian Wren,9774
United Kingdom,Milvus milvus,Red Kite,9166
United Kingdom,Podiceps cristatus,Great Crested Grebe,8608
United Kingdom,Vanellus vanellus,Northern Lapwing,8484
United Kingdom,Larus fuscus,Lesser Black-backed Gull,8296
United Kingdom,Phylloscopus collybita,Common Chiffchaff,8087
United Kingdom,Dendrocopos major,Great Spotted Woodpecker,7930
United Kingdom,Tringa totanus,Common Redshank,6987
United Kingdom,Garrulus glandarius,Eurasian Jay,6987
United Kingdom,Chloris chloris,European Greenfinch,6781
United Kingdom,Streptopelia decaocto,Eurasian Collared-Dove,6642
United Kingdom,Motacilla cinerea,Grey Wagtail,6617
United Kingdom,Hirundo rustica,Barn Swallow,6603
United Kingdom,Anas crecca,Green-winged Teal,6601
United Kingdom,Anthus pratensis,Meadow Pipit,6504
United Kingdom,Numenius arquata,Eurasian Curlew,6331
United Kingdom,Emberiza schoeniclus,Reed Bunting,6326
United Kingdom,Corvus frugilegus,Rook,6140
United Kingdom,Mergus merganser,Common Merganser,6068
United Kingdom,Linaria cannabina,Eurasian Linnet,5997
United Kingdom,Psittacula krameri,Rose-ringed Parakeet,5945
United Kingdom,Sitta europaea,Eurasian Nuthatch,5734
United Kingdom,Mareca strepera,Gadwall,5692
United Kingdom,Tadorna tadorna,Common Shelduck,5521
United Kingdom,Spatula clypeata,Northern Shoveler,5312
United Kingdom,Periparus ater,Coal Tit,5272
United Kingdom,Sylvia atricapilla,Eurasian Blackcap,5190
United Kingdom,Tachybaptus ruficollis,Little Grebe,5127
United Kingdom,Mareca penelope,Eurasian Wigeon,5091
United Kingdom,Accipiter nisus,Eurasian Sparrowhawk,5028
United Kingdom,Aix galericulata,Mandarin Duck,4920
United Kingdom,Arenaria interpres,Ruddy Turnstone,4802
United Kingdom,Turdus iliacus,Redwing,4716
United Kingdom,Turdus viscivorus,Mistle Thrush,4702
United Kingdom,Curruca communis,Common Whitethroat,4621
United Kingdom,Pyrrhula pyrrhula,Eurasian Bullfinch,4407
United Kingdom,Oenanthe oenanthe,Northern Wheatear,4407
United Kingdom,Regulus regulus,Goldcrest,4350
United Kingdom,Alauda arvensis,Eurasian Skylark,4332
United Kingdom,Limosa limosa,Black-tailed Godwit,4200
United Kingdom,Aythya ferina,Common Pochard,4025
United Kingdom,Alcedo atthis,Common Kingfisher,3893
United Kingdom,Morus bassanus,Northern Gannet,3688
United Kingdom,Certhia familiaris,Eurasian Treecreeper,3660
United Kingdom,Larus marinus,Great Black-backed Gull,3634
United Kingdom,Larus canus,Common Gull,3540
United Kingdom,Circus aeruginosus,Western Marsh Harrier,3394
United Kingdom,Columba oenas,Stock Dove,3349
United Kingdom,Emberiza citrinella,Yellowhammer,3322
United Kingdom,Spinus spinus,Eurasian Siskin,3305
United Kingdom,Recurvirostra avosetta,Pied Avocet,3156
United Kingdom,Fratercula arctica,Atlantic Puffin,3141
United Kingdom,Gulosus aristotelis,European Shag,3111
United Kingdom,Uria aalge,Common Murre,3104
United Kingdom,Anthus petrosus,Rock Pipit,3013
United Kingdom,Somateria mollissima,Common Eider,2995
United Kingdom,Picus viridis,Eurasian Green Woodpecker,2980
United Kingdom,Cinclus cinclus,White-throated Dipper,2844
United Kingdom,Calidris alpina,Dunlin,2763
United Kingdom,Ardea alba,Great Egret,2704
United Kingdom,Phylloscopus trochilus,Willow Warbler,2685
United Kingdom,Corvus corax,Common Raven,2658
United Kingdom,Charadrius hiaticula,Common Ringed Plover,2652
United Kingdom,Fulmarus glacialis,Northern Fulmar,2648
United Kingdom,Strix aluco,Tawny Owl,2619
United Kingdom,Sterna hirundo,Common Tern,2519
United Kingdom,Alca torda,Razorbill,2451
United Kingdom,Acrocephalus schoenobaenus,Sedge Warbler,2437
United Kingdom,Falco peregrinus,Peregrine Falcon,2286
United Kingdom,Delichon urbicum,Western House Martin,2243
United Kingdom,Turdus pilaris,Fieldfare,2223
United Kingdom,Bucephala clangula,Common Goldeneye,2181
United Kingdom,Rissa tridactyla,Black-legged Kittiwake,2163
United Kingdom,Branta bernicla,Brant,2100
United Kingdom,Gallinago gallinago,Common Snipe,2068
United Kingdom,Apus apus,Common Swift,1975
United Kingdom,Actitis hypoleucos,Common Sandpiper,1966
United Kingdom,Alectoris rufa,Red-legged Partridge,1950
United Kingdom,Anser brachyrhynchus,Pink-footed Goose,1768
United Kingdom,Tyto alba,Western Barn Owl,1768
United Kingdom,Calidris alba,Sanderling,1718
United Kingdom,Acrocephalus scirpaceus,Common Reed Warbler,1710
United Kingdom,Cygnus atratus,Black Swan,1698
United Kingdom,Anas acuta,Northern Pintail,1680
United Kingdom,Riparia riparia,Bank Swallow,1680
United Kingdom,Branta leucopsis,Barnacle Goose,1662
United Kingdom,Cygnus cygnus,Whooper Swan,1563
United Kingdom,Passer montanus,Eurasian Tree Sparrow,1489
United Kingdom,Muscicapa striata,Spotted Flycatcher,1446
United Kingdom,Calidris pugnax,Ruff,1446
United Kingdom,Corvus cornix,Hooded Crow,1378
United Kingdom,Cuculus canorus,Common Cuckoo,1351
United Kingdom,Platalea leucorodia,Eurasian Spoonbill,1343
United Kingdom,Ichthyaetus melanocephalus,Mediterranean Gull,1325
United Kingdom,Acanthis flammea,Redpoll,1304
United Kingdom,Thalasseus sandvicensis,Sandwich Tern,1281
United Kingdom,Pluvialis apricaria,European Golden-Plover,1207
United Kingdom,Tringa nebularia,Common Greenshank,1201
United Kingdom,Netta rufina,Red-crested Pochard,1072
United Kingdom,Cepphus grylle,Black Guillemot,1039
United Kingdom,Cairina moschata,Muscovy Duck,1026
United Kingdom,Tringa ochropus,Green Sandpiper,1014
United Kingdom,Mergus serrator,Red-breasted Merganser,1007
United Kingdom,Ardea ibis,Western Cattle-Egret,1002
United Kingdom,Limosa lapponica,Bar-tailed Godwit,988
United Kingdom,Pyrrhocorax pyrrhocorax,Red-billed Chough,986
United Kingdom,Anser anser × Branta canadensis,Greylag × Canada Goose,985
United Kingdom,Thinornis dubius,Little Ringed Plover,980
United Kingdom,Pandion haliaetus,Osprey,971
United Kingdom,Athene noctua,Little Owl,937
United Kingdom,Emberiza calandra,Corn Bunting,937
United Kingdom,Lagopus scotica,Red Grouse,920
United Kingdom,Phoenicurus phoenicurus,Common Redstart,915
United Kingdom,Numenius phaeopus,Eurasian Whimbrel,900
United Kingdom,Poecile palustris,Marsh Tit,899
United Kingdom,Motacilla flava,Western Yellow Wagtail,859
United Kingdom,Rallus aquaticus,Water Rail,827
United Kingdom,Pluvialis squatarola,Black-bellied Plover,820
United Kingdom,Falco subbuteo,Eurasian Hobby,807
United Kingdom,Cettia cetti,Cetti's Warbler,781
United Kingdom,Haliaeetus albicilla,White-tailed Eagle,741
United Kingdom,Gavia immer,Common Loon,726
United Kingdom,Calidris canutus,Red Knot,722
United Kingdom,Asio flammeus,Short-eared Owl,722
United Kingdom,Sterna paradisaea,Arctic Tern,693
United Kingdom,Saxicola rubetra,Whinchat,686
United Kingdom,Regulus ignicapilla,Common Firecrest,638
United Kingdom,Sylvia borin,Garden Warbler,617
United Kingdom,Calidris maritima,Purple Sandpiper,616
United Kingdom,Gavia stellata,Red-throated Loon,610
United Kingdom,Plectrophenax nivalis,Snow Bunting,607
United Kingdom,Grus grus,Common Crane,601
United Kingdom,Ficedula hypoleuca,European Pied Flycatcher,591
United Kingdom,Botaurus stellaris,Eurasian Bittern,567
United Kingdom,Fringilla montifringilla,Brambling,566
United Kingdom,Perdix perdix,Gray Partridge,560
United Kingdom,Tringa erythropus,Spotted Redshank,555
United Kingdom,Bombycilla garrulus,Bohemian Waxwing,525
United Kingdom,Stercorarius skua,Great Skua,519
United Kingdom,Anser albifrons,Greater White-fronted Goose,513
United Kingdom,Pavo cristatus,Indian Peafowl,501
United Kingdom,Loxia curvirostra,Red Crossbill,475
United Kingdom,Curruca curruca,Lesser Whitethroat,474
United Kingdom,Curruca undata,Dartford Warbler,469
United Kingdom,Panurus biarmicus,Bearded Reedling,467
United Kingdom,Spatula querquedula,Garganey,458
United Kingdom,Anthus trivialis,Tree Pipit,457
United Kingdom,Ciconia ciconia,White Stork,445
United Kingdom,Scolopax rusticola,Eurasian Woodcock,443
United Kingdom,Phoenicurus ochruros,Black Redstart,439
United Kingdom,Turdus torquatus,Ring Ouzel,420
United Kingdom,Plegadis falcinellus,Glossy Ibis,404
United Kingdom,Podiceps nigricollis,Eared Grebe,399
United Kingdom,Locustella naevia,Common Grasshopper Warbler,388
United Kingdom,Melanitta nigra,Common Scoter,384
United Kingdom,Circus cyaneus,Hen Harrier,374
United Kingdom,Cygnus columbianus,Tundra Swan,364
United Kingdom,Clangula hyemalis,Long-tailed Duck,354
United Kingdom,Puffinus puffinus,Manx Shearwater,350
United Kingdom,Anser indicus,Bar-headed Goose,350
United Kingdom,Corvus cornix × corone,Hooded × Carrion Crow,336
United Kingdom,Aythya marila,Greater Scaup,329
United Kingdom,Hydrocoloeus minutus,Little Gull,323
United Kingdom,Sternula albifrons,Little Tern,313
United Kingdom,Luscinia megarhynchos,Common Nightingale,305
United Kingdom,Poecile montanus,Willow Tit,304
United Kingdom,Linaria flavirostris,Twite,303
United Kingdom,Stercorarius parasiticus,Parasitic Jaeger,292
United Kingdom,Lymnocryptes minimus,Jack Snipe,287
United Kingdom,Mergellus albellus,Smew,286
United Kingdom,Tringa glareola,Wood Sandpiper,284
United Kingdom,Calidris ferruginea,Curlew Sandpiper,265
United Kingdom,Coccothraustes coccothraustes,Hawfinch,247
United Kingdom,Calidris minuta,Little Stint,244
United Kingdom,Emberiza cirlus,Cirl Bunting,240
United Kingdom,Lullula arborea,Woodlark,234
United Kingdom,Larus michahellis,Yellow-legged Gull,233
United Kingdom,Numida meleagris,Helmeted Guineafowl,232
United Kingdom,Podiceps auritus,Horned Grebe,223
United Kingdom,Falco columbarius,Merlin,223
United Kingdom,Lyrurus tetrix,Black Grouse,220
United Kingdom,Caprimulgus europaeus,Eurasian Nightjar,219
United Kingdom,Aythya collaris,Ring-necked Duck,217
United Kingdom,Asio otus,Long-eared Owl,205
United Kingdom,Anser caerulescens,Snow Goose,203
United Kingdom,Lagopus muta,Rock Ptarmigan,197
United Kingdom,Tadorna ferruginea,Ruddy Shelduck,197
United Kingdom,Streptopelia turtur,European Turtle-Dove,185
United Kingdom,Gavia arctica,Arctic Loon,182
United Kingdom,Aquila chrysaetos,Golden Eagle,169
United Kingdom,Anser serrirostris,Tundra Bean Goose,165
United Kingdom,Himantopus himantopus,Black-winged Stilt,157
United Kingdom,Phylloscopus sibilatrix,Wood Warbler,154
United Kingdom,Anser cygnoides,Swan Goose,149
United Kingdom,Anas platyrhynchos × Cairina moschata,Mallard × Muscovy Duck,147
United Kingdom,Astur gentilis,Eurasian Goshawk,138
United Kingdom,Chlidonias niger,Black Tern,137
United Kingdom,Anser anser × cygnoides,Greylag × Swan Goose,136
United Kingdom,Upupa epops,Common Hoopoe,135
United Kingdom,Phalaropus fulicarius,Red Phalarope,134
United Kingdom,Burhinus oedicnemus,Eurasian Stone-curlew,129
United Kingdom,Lanius collurio,Red-backed Shrike,127
United Kingdom,Otis tarda,Great Bustard,124
United Kingdom,Podiceps grisegena,Red-necked Grebe,118
United Kingdom,Larus cachinnans,Caspian Gull,118
United Kingdom,Phylloscopus inornatus,Yellow-browed Warbler,118
United Kingdom,Larus glaucoides,Iceland Gull,116
United Kingdom,Anthus spinoletta,Water Pipit,116
United Kingdom,Eudromias morinellus,Eurasian Dotterel,111
United Kingdom,Aix sponsa,Wood Duck,111
United Kingdom,Melanitta fusca,Velvet Scoter,111
United Kingdom,Jynx torquilla,Eurasian Wryneck,109
United Kingdom,Lanius excubitor,Great Grey Shrike,109
United Kingdom,Lophophanes cristatus,Crested Tit,103
United Kingdom,Calidris melanotos,Pectoral Sandpiper,101
United Kingdom,Eremophila alpestris,Horned Lark,101
United Kingdom,Tringa flavipes,Lesser Yellowlegs,94
United Kingdom,Phalaropus lobatus,Red-necked Phalarope,84
United Kingdom,Anser rossii,Ross's Goose,82
United Kingdom,Aythya affinis,Lesser Scaup,81
United Kingdom,Sterna dougallii,Roseate Tern,80
United Kingdom,Aythya nyroca,Ferruginous Duck,79
United Kingdom,Dryobates minor,Lesser Spotted Woodpecker,78
United Kingdom,Limnodromus scolopaceus,Long-billed Dowitcher,75
United Kingdom,Calidris temminckii,Temminck's Stint,73
United Kingdom,Larus hyperboreus,Glaucous Gull,72
United Kingdom,Luscinia svecica,Bluethroat,69
United Kingdom,Chrysolophus pictus,Golden Pheasant,67
United Kingdom,Branta ruficollis,Red-breasted Goose,60
United Kingdom,Crex crex,Corn Crake,58
United Kingdom,Gallus gallus,Red Junglefowl,58
United Kingdom,Falco vespertinus,Red-footed Falcon,58
United Kingdom,Merops apiaster,European Bee-eater,57
United Kingdom,Mareca americana,American Wigeon,56
United Kingdom,Chroicocephalus philadelphia,Bonaparte's Gull,53
United Kingdom,Pastor roseus,Rosy Starling,53
United Kingdom,Nycticorax nycticorax,Black-crowned Night Heron,52
United Kingdom,Thalassarche melanophris,Black-browed Albatross,51
United Kingdom,Lanius senator,Woodchat Shrike,50
United Kingdom,Calidris fuscicollis,White-rumped Sandpiper,48
United Kingdom,Pluvialis dominica,American Golden-Plover,48
United Kingdom,Ardea purpurea,Purple Heron,45
United Kingdom,Calcarius lapponicus,Lapland Longspur,45
United Kingdom,Coturnix coturnix,Common Quail,43
United Kingdom,Syrmaticus reevesii,Reeves's Pheasant,41
United Kingdom,Anser erythropus,Lesser White-fronted Goose,41
United Kingdom,Pernis apivorus,European Honey-buzzard,39
United Kingdom,Ficedula parva,Red-breasted Flycatcher,37
United Kingdom,Calidris subruficollis,Buff-breasted Sandpiper,37
United Kingdom,Turdus atrogularis,Black-throated Thrush,36
United Kingdom,Hydrobates pelagicus,European Storm-Petrel,35
United Kingdom,Remiz pendulinus,Eurasian Penduline-Tit,35
United Kingdom,Xema sabini,Sabine's Gull,34
United Kingdom,Anser caerulescens × indicus,Snow × Bar-headed Goose,34
United Kingdom,Tringa stagnatilis,Marsh Sandpiper,32
United Kingdom,Actitis macularius,Spotted Sandpiper,32
United Kingdom,Hydroprogne caspia,Caspian Tern,32
United Kingdom,Chlidonias leucopterus,White-winged Tern,31
United Kingdom,Gavia adamsii,Yellow-billed Loon,31
United Kingdom,Tarsiger cyanurus,Red-flanked Bluetail,31
United Kingdom,Curruca nisoria,Barred Warbler,31
United Kingdom,Vanellus leucurus,White-tailed Lapwing,30
United Kingdom,Oxyura jamaicensis,Ruddy Duck,30
United Kingdom,Larus delawarensis,Ring-billed Gull,29
United Kingdom,Circus macrourus,Pallid Harrier,28
United Kingdom,Lanius phoenicuroides,Red-tailed Shrike,28
United Kingdom,Parabuteo unicinctus,Harris's Hawk,27
United Kingdom,Sibirionetta formosa,Baikal Teal,27
United Kingdom,Callonetta leucophrys,Ringed Teal,26
United Kingdom,Anas platyrhynchos × Netta rufina,Mallard × Red-crested Pochard,26
United Kingdom,Melanitta perspicillata,Surf Scoter,25
United Kingdom,Emberiza pusilla,Little Bunting,25
United Kingdom,Alle alle,Dovekie,24
United Kingdom,Buteo lagopus,Rough-legged Hawk,24
United Kingdom,Somateria spectabilis,King Eider,24
United Kingdom,Serinus canaria,Island Canary,24
United Kingdom,Phylloscopus proregulus,Pallas's Leaf Warbler,24
United Kingdom,Anas platyrhynchos × Mareca strepera,Brewer's Duck,24
United Kingdom,Oenanthe deserti,Desert Wheatear,23
United Kingdom,Phalaropus tricolor,Wilson's Phalarope,23
United Kingdom,Acrocephalus arundinaceus,Great Reed Warbler,23
United Kingdom,Porzana porzana,Spotted Crake,22
United Kingdom,Gypaetus barbatus,Bearded Vulture,22
United Kingdom,Lophodytes cucullatus,Hooded Merganser,22
United Kingdom,Anthus richardi,Richard's Pipit,22
United Kingdom,Melopsittacus undulatus,Budgerigar,22
United Kingdom,Acrocephalus palustris,Marsh Warbler,22
United Kingdom,Sterna forsteri,Forster's Tern,21
United Kingdom,Ciconia nigra,Black Stork,20
United Kingdom,Phylloscopus ibericus,Iberian Chiffchaff,20
United Kingdom,Tetrao urogallus,Western Capercaillie,19
United Kingdom,Branta hutchinsii,Cackling Goose,19
United Kingdom,Aythya ferina × fuligula,Common Pochard × Tufted Duck,19
United Kingdom,Quiscalus mexicanus,Great-tailed Grackle,18
United Kingdom,Taeniopygia guttata,Zebra Finch,18
United Kingdom,Psittacula eupatria,Alexandrine Parakeet,18
United Kingdom,Phylloscopus fuscatus,Dusky Warbler,18
United Kingdom,Branta canadensis × leucopsis,Canada × Barnacle Goose,18
United Kingdom,Glareola pratincola,Collared Pratincole,17
United Kingdom,Dendrocygna viduata,White-faced Whistling-Duck,17
United Kingdom,Carpodacus erythrinus,Common Rosefinch,17
United Kingdom,Lanius cristatus,Brown Shrike,17
United Kingdom,Coracias garrulus,European Roller,16
United Kingdom,Stercorarius pomarinus,Pomarine Jaeger,16
United Kingdom,Rhodostethia rosea,Ross's Gull,16
United Kingdom,Bucephala albeola,Bufflehead,16
United Kingdom,Anser fabalis,Taiga Bean Goose,16
United Kingdom,Tadorna cana,South African Shelduck,16
United Kingdom,Motacilla citreola,Citrine Wagtail,16
United Kingdom,Tachymarptis melba,Alpine Swift,16
United Kingdom,Anarhynchus alexandrinus,Kentish Plover,16
United Kingdom,Calidris bairdii,Baird's Sandpiper,15
United Kingdom,Elanus caeruleus,Black-winged Kite,15
United Kingdom,Lanius isabellinus,Isabelline Shrike,15
United Kingdom,Puffinus mauretanicus,Balearic Shearwater,15
United Kingdom,Calandrella brachydactyla,Greater Short-toed Lark,15
United Kingdom,Anas acuta × Netta rufina,Northern Pintail × Red-crested Pochard,15
United Kingdom,Megaceryle alcyon,Belted Kingfisher,14
United Kingdom,Anas bahamensis,White-cheeked Pintail,14
United Kingdom,Anthus hodgsoni,Olive-backed Pipit,14
United Kingdom,Anas platyrhynchos × acuta,Mallard × Northern Pintail,14
United Kingdom,Spatula discors,Blue-winged Teal,14
United Kingdom,Limosa haemastica,Hudsonian Godwit,13
United Kingdom,Dendrocygna bicolor,Fulvous Whistling-Duck,13
United Kingdom,Motacilla tschutschensis,Eastern Yellow Wagtail,13
United Kingdom,Setophaga coronata,Yellow-rumped Warbler,13
United Kingdom,Saxicola maurus,Siberian Stonechat,13
United Kingdom,Chrysolophus amherstiae,Lady Amherst's Pheasant,12
United Kingdom,Sula leucogaster,Brown Booby,12
United Kingdom,Myiopsitta monachus,Monk Parakeet,12
United Kingdom,Chlidonias hybrida,Whiskered Tern,12
United Kingdom,Phylloscopus borealis,Arctic Warbler,12
United Kingdom,Vireo olivaceus,Red-eyed Vireo,12
United Kingdom,Anas platyrhynchos × Somateria mollissima,Mallard × Common Eider,12
United Kingdom,Mareca penelope × Spatula clypeata,Eurasian Wigeon × Northern Shoveler,12
United Kingdom,Falco eleonorae,Eleonora's Falcon,11
United Kingdom,Pluvialis fulva,Pacific Golden-Plover,11
United Kingdom,Loxia leucoptera,White-winged Crossbill,11
United Kingdom,Oenanthe isabellina,Isabelline Wheatear,11
United Kingdom,Gelochelidon nilotica,Gull-billed Tern,11
United Kingdom,Anarhynchus leschenaultii,Greater Sand-Plover,11
United Kingdom,Calidris minutilla,Least Sandpiper,10
United Kingdom,Podilymbus podiceps,Pied-billed Grebe,10
United Kingdom,Charadrius vociferus,Killdeer,10
United Kingdom,Aythya valisineria,Canvasback,10
United Kingdom,Lanius minor,Lesser Grey Shrike,10
United Kingdom,Bubo bubo,Eurasian Eagle-Owl,10
United Kingdom,Phylloscopus humei,Hume's Leaf Warbler,10
United Kingdom,Phylloscopus trochiloides,Greenish Warbler,10
United Kingdom,Botaurus minutus,Little Bittern,10
United Kingdom,Larus dominicanus,Kelp Gull,9
United Kingdom,Vanellus cinereus,Grey-headed Lapwing,9
United Kingdom,Ardeola ralloides,Squacco Heron,9
United Kingdom,Loxia pytyopsittacus,Parrot Crossbill,9
United Kingdom,Oenanthe pleschanka,Pied Wheatear,9
United Kingdom,Acrocephalus dumetorum,Blyth's Reed Warbler,9
United Kingdom,Locustella fluviatilis,River Warbler,9
United Kingdom,Melanitta deglandi,White-winged Scoter,9
United Kingdom,Leucophaeus atricilla,Laughing Gull,9
United Kingdom,Thalasseus bengalensis,Lesser Crested Tern,9
United Kingdom,Hydrobates leucorhous,Leach's Storm-Petrel,9
United Kingdom,Gavia pacifica,Pacific Loon,8
United Kingdom,Prunella montanella,Siberian Accentor,8
United Kingdom,Mimus polyglottos,Northern Mockingbird,8
United Kingdom,Parkesia noveboracensis,Northern Waterthrush,8
United Kingdom,Nymphicus hollandicus,Cockatiel,8
United Kingdom,Calonectris borealis,Cory's Shearwater,8
United Kingdom,Curruca cantillans,Eastern Subalpine Warbler,8
United Kingdom,Tadorna ferruginea × tadorna,Ruddy × Common Shelduck,8
United Kingdom,Ketupa lactea,Verreaux's Eagle-Owl,8
United Kingdom,Anser rossii × Branta leucopsis,Ross's × Barnacle Goose,8
United Kingdom,Lophura nycthemera,Silver Pheasant,7
United Kingdom,Dacelo novaeguineae,Laughing Kookaburra,7
United Kingdom,Eudocimus ruber,Scarlet Ibis,7
United Kingdom,Calidris subminuta,Long-toed Stint,7
United Kingdom,Calidris himantopus,Stilt Sandpiper,7
United Kingdom,Tringa melanoleuca,Greater Yellowlegs,7
United Kingdom,Zonotrichia albicollis,White-throated Sparrow,7
United Kingdom,Serinus serinus,European Serin,7
United Kingdom,Hippolais polyglotta,Melodious Warbler,7
United Kingdom,Locustella luscinioides,Savi's Warbler,7
United Kingdom,Thalasseus elegans,Elegant Tern,7
United Kingdom,Bubo scandiacus,Snowy Owl,7
United Kingdom,Oriolus oriolus,Eurasian Golden Oriole,7
United Kingdom,Tadorna cana × tadornoides,South African × Australian Shelduck,7
United Kingdom,Anser anser × Branta leucopsis,Graylag × Barnacle Goose,7
United Kingdom,Circus pygargus,Montagu's Harrier,6
United Kingdom,Netta peposaca,Rosy-billed Pochard,6
United Kingdom,Cisticola juncidis,Zitting Cisticola,6
United Kingdom,Turdus migratorius,American Robin,6
United Kingdom,Catharus ustulatus,Swainson's Thrush,6
United Kingdom,Monticola solitarius,Blue Rock-Thrush,6
United Kingdom,Anthus rubescens,American Pipit,6
United Kingdom,Phylloscopus schwarzi,Radde's Warbler,6
United Kingdom,Acrocephalus paludicola,Aquatic Warbler,6
United Kingdom,Acridotheres tristis,Common Myna,6
United Kingdom,Calidris falcinellus,Broad-billed Sandpiper,6
United Kingdom,Ardenna gravis,Great Shearwater,6
United Kingdom,Ardenna grisea,Sooty Shearwater,6
United Kingdom,Spatula clypeata × cyanoptera,Northern Shoveler × Cinnamon Teal,6
United Kingdom,Chrysolophus amherstiae × Chrysolophus pictus,Lady Amherst's × Golden Pheasant,6
United Kingdom,Setophaga aestiva,Northern Yellow Warbler,6
United Kingdom,Anser canagicus × Branta leucopsis,Emperor × Barnacle Goose,6
United Kingdom,Alectoris chukar,Chukar,5
United Kingdom,Calidris mauri,Western Sandpiper,5
United Kingdom,Calidris pusilla,Semipalmated Sandpiper,5
United Kingdom,Stercorarius longicaudus,Long-tailed Jaeger,5
United Kingdom,Uria lomvia,Thick-billed Murre,5
United Kingdom,Hieraaetus pennatus,Booted Eagle,5
United Kingdom,Milvus migrans,Black Kite,5
United Kingdom,Dendrocygna autumnalis,Black-bellied Whistling-Duck,5
United Kingdom,Branta sandvicensis,Hawaiian Goose,5
United Kingdom,Zonotrichia leucophrys,White-crowned Sparrow,5
United Kingdom,Emberiza hortulana,Ortolan Bunting,5
United Kingdom,Loxia scotica,Scottish Crossbill,5
United Kingdom,Lophonetta specularioides,Crested Duck,5
United Kingdom,Hippolais icterina,Icterine Warbler,5
United Kingdom,Gallinago delicata,Wilson's Snipe,5
United Kingdom,Cercotrichas galactotes,Rufous-tailed Scrub-Robin,5
United Kingdom,Turdus eunomus,Dusky Thrush,5
United Kingdom,Setophaga magnolia,Magnolia Warbler,5
United Kingdom,Porphyrio porphyrio,Western Swamphen,5
United Kingdom,Anser canagicus,Emperor Goose,5
United Kingdom,Spatula cyanoptera,Cinnamon Teal,5
United Kingdom,Curruca nana,Asian Desert Warbler,5
United Kingdom,Menelikornis leucotis,White-cheeked Turaco,5
United Kingdom,Cecropis rufula,European Red-rumped Swallow,5
United Kingdom,Coccyzus americanus,Yellow-billed Cuckoo,4
United Kingdom,Streptopelia orientalis,Oriental Turtle-Dove,4
United Kingdom,Calidris tenuirostris,Great Knot,4
United Kingdom,Xenus cinereus,Terek Sandpiper,4
United Kingdom,Pelecanus onocrotalus,Great White Pelican,4
United Kingdom,Glareola nordmanni,Black-winged Pratincole,4
United Kingdom,Butorides virescens,Green Heron,4
United Kingdom,Apus pallidus,Pallid Swift,4
United Kingdom,Anas rubripes,American Black Duck,4
United Kingdom,Anas undulata,Yellow-billed Duck,4
United Kingdom,Chenonetta jubata,Australian Wood Duck,4
United Kingdom,Corvus albus,Pied Crow,4
United Kingdom,Emberiza melanocephala,Black-headed Bunting,4
United Kingdom,Junco hyemalis,Dark-eyed Junco,4
United Kingdom,Monticola saxatilis,Rufous-tailed Rock-Thrush,4
United Kingdom,Anthus cervinus,Red-throated Pipit,4
United Kingdom,Anthus godlewskii,Blyth's Pipit,4
United Kingdom,Prunella collaris,Alpine Accentor,4
United Kingdom,Falco naumanni,Lesser Kestrel,4
United Kingdom,Phylloscopus coronatus,Eastern Crowned Warbler,4
United Kingdom,Melanitta americana,Black Scoter,4
United Kingdom,Melanitta stejnegeri,Stejneger's Scoter,4
United Kingdom,Leucophaeus pipixcan,Franklin's Gull,4
United Kingdom,Zapornia parva,Little Crake,4
United Kingdom,Chroicocephalus ridibundus × Ichthyaetus melanocephalus,Black-headed × Mediterranean Gull,4
United Kingdom,Larus smithsonianus,American Herring Gull,4
United Kingdom,Aix × Aythya,"Wood and Mandarin Ducks × Scaups, Pochards, and Allies",4
United Kingdom,Anser cygnoides × Branta canadensis,Swan Goose × Canada Goose,4
United Kingdom,Porzana carolina,Sora,3
United Kingdom,Threskiornis aethiopicus,African Sacred Ibis,3
United Kingdom,Calidris ruficollis,Red-necked Stint,3
United Kingdom,Tringa solitaria,Solitary Sandpiper,3
United Kingdom,Pagophila eburnea,Ivory Gull,3
United Kingdom,Buteo jamaicensis,Red-tailed Hawk,3
United Kingdom,Circaetus gallicus,Short-toed Snake-Eagle,3
United Kingdom,Histrionicus histrionicus,Harlequin Duck,3
United Kingdom,Melospiza melodia,Song Sparrow,3
United Kingdom,Emberiza rustica,Rustic Bunting,3
