display_name,location,date,bird_count,detect_high_conf,avg_q_score,refined_label,current_label,top_label,top_confidence,top_5_predictions
900.jpeg,"1.3043744, 103.8245805",2026-05-27 11:47:21,2,0.8162585496902466,6.147,,Manual: Mute Swan,,0,
900_10.jpeg,"1.3043744, 103.8245805",2026-05-27 11:55:37,1,0.9982226490974426,7.028,Black-naped Oriole,Black-naped Oriole,Black-naped Oriole,0.952,Black-naped Oriole (95.21%) | Yellow-rumped Flycatcher (0.34%) | Pied Imperial Pigeon (0.26%) | Green-backed Flycatcher (0.19%) | Thick-billed Green-Pigeon (0.14%)
900_2.jpeg,"1.3043744, 103.8245805",2026-05-27 11:48:20,1,0.9990628361701965,3.965,Spotted Dove,Spotted Dove,Spotted Dove,0.861,Spotted Dove (86.15%) | Long-toed Stint (0.47%) | Baya Weaver (0.41%) | Zebra Dove (0.38%) | Common Myna (0.31%)
900_3.jpeg,"1.3043744, 103.8245805",2026-05-27 11:48:30,1,0.9987682700157166,17.568,Zebra Dove,Zebra Dove,Zebra Dove,0.765,Zebra Dove (76.45%) | Banded Bay Cuckoo (3.62%) | Asian Emerald Dove (1.32%) | Tiger Shrike (0.66%) | Blue-winged Leafbird (0.61%)
900_4.jpeg,"1.3043744, 103.8245805",2026-05-27 11:48:37,2,0.9812588095664978,8.765,,Manual: Pink-necked Green-Pigeon,,0,
900_5.jpeg,"1.3043744, 103.8245805",2026-05-27 11:48:46,1,0.9983131885528564,3.716,Pied Imperial Pigeon,Pied Imperial Pigeon,Pied Imperial Pigeon,0.954,Pied Imperial Pigeon (95.45%) | Eastern Cattle-Egret (0.21%) | Green Imperial Pigeon (0.14%) | Thick-billed Green-Pigeon (0.13%) | Pied Triller (0.13%)
900_6.jpeg,"1.3043744, 103.8245805",2026-05-27 11:49:05,1,0.9989699125289917,3.122,Pied Imperial Pigeon,Pied Imperial Pigeon,Pied Imperial Pigeon,0.745,Pied Imperial Pigeon (74.48%) | Green Imperial Pigeon (2.16%) | Red Collared-Dove (1.56%) | Rose-ringed Parakeet (1.30%) | Pink-necked Green-Pigeon (0.88%)
900_7.jpeg,"1.3043744, 103.8245805",2026-05-27 11:49:18,2,0.8080679178237915,5.842,,Manual: Greater Racket-tailed Drongo,,0,
900_8.jpeg,"1.3043744, 103.8245805",2026-05-27 11:49:29,1,0.9975625276565552,3.836,Oriental Magpie-Robin,Oriental Magpie-Robin,Oriental Magpie-Robin,0.95,Oriental Magpie-Robin (94.97%) | White-rumped Shama (0.38%) | Daurian Redstart (0.34%) | Yellow-rumped Flycatcher (0.15%) | Javan Myna (0.14%)
900_9.jpeg,"1.3043744, 103.8245805",2026-05-27 11:55:16,2,0.9982141256332397,6.537,,Manual: Collared Kingfisher,,0,
AsianGlossyStarling.JPG,"1.3043744, 103.8245805",2024-06-20 16:50:30,1,0.9994770884513855,6.122,Asian Glossy Starling,Asian Glossy Starling,Asian Glossy Starling,0.438,Asian Glossy Starling (43.82%) | Copper-throated Sunbird (10.39%) | Javan Myna (5.48%) | Large-billed Crow (3.27%) | House Crow (3.15%)
IMG_3158.JPG,"1.3043744, 103.8245805",2024-06-20 15:12:13,3,0.9766464829444885,5.895,,,,0,
IMG_3159.JPG,No GPS Data,2024-06-20 15:12:22,0,0,0.0,,,,0,
IMG_3168.JPG,"1.3043744, 103.8245805",2024-06-20 15:21:25,4,0.9817251563072205,6.104,,,,0,
IMG_3182.JPG,"1.3043744, 103.8245805",2024-06-20 17:36:29,1,0.999072790145874,4.862,,Manual: Javan Myna,Javan Myna,0.202,Javan Myna (20.20%) | Asian Openbill (2.17%) | Gray-headed Fish-Eagle (2.08%) | White-rumped Munia (1.86%) | Common Myna (1.75%)
IMG_3193.JPG,No GPS Data,2024-06-20 17:42:47,0,0,0.0,,Manual: Ornate Sunbird,,0,
IMG_3199.JPG,No GPS Data,2024-06-20 17:43:03,0,0,0.0,,Manual: Ornate Sunbird,,0,
IMG_3206.JPG,No GPS Data,2024-06-20 17:51:57,0,0,0.0,,Manual: Yellow-vented Bulbul,,0,
IMG_3207.JPG,"1.3043744, 103.8245805",2024-06-20 17:53:44,1,0.9979462027549744,5.237,,Manual: Asian Glossy Starling,Large-billed Crow,0.201,Large-billed Crow (20.08%) | Asian Glossy Starling (6.53%) | House Crow (4.05%) | Crow-billed Drongo (2.49%) | Black-throated Laughingthrush (2.22%)
IMG_3208.JPG,"1.3043744, 103.8245805",2024-06-20 17:53:46,1,0.9961777925491333,5.054,,Manual: Asian Glossy Starling,Greater Racket-tailed Drongo,0.144,Greater Racket-tailed Drongo (14.37%) | Asian Glossy Starling (12.84%) | Van Hasselt's Sunbird (9.65%) | White-throated Kingfisher (3.96%) | Asian Fairy-bluebird (3.80%)
IMG_3209.JPG,"1.3043744, 103.8245805",2024-06-20 17:54:14,1,0.8808223009109497,4.309,,Manual: Asian Glossy Starling,Asian Glossy Starling,0.154,Asian Glossy Starling (15.40%) | Asian Koel (14.51%) | Greater Racket-tailed Drongo (4.63%) | Chestnut-bellied Malkoha (4.27%) | Asian Fairy-bluebird (4.14%)
IMG_3212.JPG,"1.3043744, 103.8245805",2024-06-20 17:58:00,1,0.9987934827804565,6.475,Ornate Sunbird,Ornate Sunbird,Ornate Sunbird,0.944,Ornate Sunbird (94.35%) | Javan Munia (0.71%) | Asian Golden Weaver (0.25%) | Brown Shrike (0.24%) | Barn Swallow (0.15%)
IMG_3213.JPG,"1.3043744, 103.8245805",2024-06-20 17:58:01,1,0.9990967512130737,4.901,Ornate Sunbird,Ornate Sunbird,Ornate Sunbird,0.94,Ornate Sunbird (94.01%) | Chestnut Munia (0.38%) | Rosy Starling (0.26%) | Javan Munia (0.20%) | Brown Shrike (0.17%)
IMG_3214.JPG,"1.3043744, 103.8245805",2024-06-20 17:58:02,1,0.9992266893386841,5.579,Ornate Sunbird,Ornate Sunbird,Ornate Sunbird,0.966,Ornate Sunbird (96.61%) | Malaysian Pied-Fantail (0.54%) | Copper-throated Sunbird (0.26%) | Brown-throated Sunbird (0.18%) | Javan Munia (0.18%)
IMG_3215.JPG,"1.3043744, 103.8245805",2024-06-20 17:58:04,1,0.9916350841522217,4.613,Ornate Sunbird,Ornate Sunbird,Ornate Sunbird,0.763,Ornate Sunbird (76.30%) | Brown-throated Sunbird (3.76%) | Copper-throated Sunbird (1.47%) | Pacific Swallow (1.21%) | Common Flameback (0.84%)
IMG_3216.JPG,"1.3043744, 103.8245805",2024-06-20 17:58:05,1,0.998676598072052,5.705,Ornate Sunbird,Ornate Sunbird,Ornate Sunbird,0.573,Ornate Sunbird (57.29%) | Black-headed Bulbul (1.93%) | Northern Boobook (1.44%) | Amur Paradise-Flycatcher (1.37%) | Yellow-vented Bulbul (1.23%)
IMG_3217.JPG,"1.3043744, 103.8245805",2024-06-20 17:58:06,1,0.9950732588768005,5.201,,Manual: Ornate Sunbird,Ornate Sunbird,0.133,Ornate Sunbird (13.30%) | Brown-throated Sunbird (4.03%) | Yellow-vented Bulbul (2.82%) | Eastern Yellow Wagtail (2.51%) | Black-headed Bulbul (2.37%)
IMG_3218.JPG,"1.3043744, 103.8245805",2024-06-20 17:58:07,1,0.9986819624900818,5.916,Ornate Sunbird,Ornate Sunbird,Ornate Sunbird,0.872,Ornate Sunbird (87.15%) | Black-naped Oriole (1.71%) | Long-tailed Shrike (0.67%) | Common Flameback (0.52%) | Stork-billed Kingfisher (0.45%)
IMG_3219.JPG,"1.3043744, 103.8245805",2024-06-20 17:58:08,1,0.9974564909934998,6.256,,Manual: Ornate Sunbird,Ornate Sunbird,0.186,Ornate Sunbird (18.61%) | House Crow (9.25%) | Chestnut Munia (6.44%) | Yellow-vented Bulbul (4.30%) | Oriental Reed Warbler (3.40%)
IMG_3220.JPG,"1.3043744, 103.8245805",2024-06-20 17:58:08,1,0.9983381032943726,5.81,,Manual: Ornate Sunbird,Brown-throated Sunbird,0.345,Brown-throated Sunbird (34.46%) | Ornate Sunbird (12.18%) | Olive-winged Bulbul (5.90%) | Abbott's Babbler (3.58%) | Chestnut Munia (3.24%)
IMG_3221.JPG,"1.3043744, 103.8245805",2024-06-20 17:58:09,1,0.9904587268829346,4.642,Ornate Sunbird,Ornate Sunbird,Ornate Sunbird,0.818,Ornate Sunbird (81.80%) | Brown-throated Sunbird (2.08%) | Sooty-headed Bulbul (1.65%) | Little Spiderhunter (0.65%) | Black-rumped Waxbill (0.53%)
IMG_3224.JPG,"1.3043744, 103.8245805",2024-06-20 17:58:13,1,0.9978354573249817,6.178,Ornate Sunbird,Ornate Sunbird,Ornate Sunbird,0.935,Ornate Sunbird (93.49%) | Chestnut Munia (0.40%) | Orange-bellied Flowerpecker (0.28%) | Javan Munia (0.23%) | Sooty-headed Bulbul (0.23%)
IMG_3225.JPG,"1.3043744, 103.8245805",2024-06-20 17:58:15,1,0.9668436050415039,5.195,Ornate Sunbird,Ornate Sunbird,Ornate Sunbird,0.914,Ornate Sunbird (91.38%) | Brown-throated Sunbird (0.96%) | Chestnut Munia (0.53%) | Javan Munia (0.40%) | Black-headed Bulbul (0.31%)
IMG_3227.JPG,"1.3043744, 103.8245805",2024-06-20 17:58:17,1,0.9994729161262512,4.435,Ornate Sunbird,Ornate Sunbird,Ornate Sunbird,0.432,Ornate Sunbird (43.17%) | Brown-throated Sunbird (7.17%) | Yellow-vented Bulbul (3.97%) | Van Hasselt's Sunbird (1.74%) | Black-headed Bulbul (1.62%)
IMG_3228.JPG,"1.3043744, 103.8245805",2024-06-20 17:58:19,1,0.9992202520370483,4.412,,Manual: Ornate Sunbird,Ornate Sunbird,0.255,Ornate Sunbird (25.50%) | Brown-throated Sunbird (6.04%) | Black-headed Bulbul (3.44%) | Copper-throated Sunbird (2.63%) | Yellow-vented Bulbul (2.62%)
IMG_3235.JPG,"1.3043744, 103.8245805",2024-06-20 19:50:24,2,0.9989773035049438,5.796,,Manual: Rock Pigeon,,0,
IMG_3236.JPG,"1.3043744, 103.8245805",2024-06-20 19:51:11,2,0.8256935477256775,5.913,,Manual: White-breasted Waterhen,,0,
IMG_3237.JPG,No GPS Data,2024-06-20 19:51:12,0,0,0.0,,Manual: White-breasted Waterhen,,0,
IMG_3238.JPG,"1.3043744, 103.8245805",2024-06-20 19:51:13,1,0.9940956830978394,5.349,White-breasted Waterhen,White-breasted Waterhen,White-breasted Waterhen,0.661,White-breasted Waterhen (66.13%) | Band-bellied Crake (1.73%) | Eurasian Moorhen (1.05%) | Pheasant-tailed Jacana (0.79%) | Siamese Pied Starling (0.75%)
IMG_3239.JPG,"1.3043744, 103.8245805",2024-06-20 19:53:10,1,0.9970763921737671,3.587,White-breasted Waterhen,White-breasted Waterhen,White-breasted Waterhen,0.863,White-breasted Waterhen (86.29%) | Ruddy-breasted Crake (0.86%) | Rufous-bellied Eagle (0.86%) | Common Hoopoe (0.36%) | Siberian Blue Robin (0.35%)
IMG_3241.JPG,"1.3043744, 103.8245805",2024-06-20 19:53:20,2,0.9603848457336426,5.215,,Manual: White-breasted Waterhen,,0,
IMG_3242.JPG,"1.3043744, 103.8245805",2024-06-20 19:53:38,1,0.9975420236587524,4.492,White-breasted Waterhen,White-breasted Waterhen,White-breasted Waterhen,0.945,White-breasted Waterhen (94.53%) | Scarlet-backed Flowerpecker (0.24%) | Ruddy-breasted Crake (0.22%) | Rufous-bellied Eagle (0.21%) | Orange-bellied Flowerpecker (0.15%)
IMG_3243.JPG,"1.3043744, 103.8245805",2024-06-20 19:53:43,1,0.9658435583114624,3.724,White-breasted Waterhen,White-breasted Waterhen,White-breasted Waterhen,0.834,White-breasted Waterhen (83.43%) | White-winged Tern (0.80%) | Pin-tailed Whydah (0.70%) | Pheasant-tailed Jacana (0.54%) | Slaty-breasted Rail (0.41%)
IMG_3258.JPG,"1.3043744, 103.8245805",2024-06-20 20:07:25,2,0.9976791739463806,8.332,,Manual: Common Hill Myna,,0,
IMG_3260.JPG,"1.3043744, 103.8245805",2024-06-20 20:07:27,2,0.9959768652915955,6.814,,Manual: Common Hill Myna,,0,
IMG_3264.JPG,"1.3043744, 103.8245805",2024-06-20 20:07:45,2,0.997712254524231,8.08,,Manual: Common Hill Myna,,0,
IMG_3265.JPG,"1.3043744, 103.8245805",2024-06-20 20:07:47,2,0.9981437921524048,8.767,,Manual: Common Hill Myna,,0,
IMG_3300.JPG,"1.3043744, 103.8245805",2024-06-20 21:00:02,1,0.7521408796310425,3.764,Ornate Sunbird,Ornate Sunbird,Ornate Sunbird,0.45,Ornate Sunbird (45.03%) | Long-tailed Shrike (6.43%) | Stork-billed Kingfisher (4.96%) | Black-crested Bulbul (2.64%) | Japanese Sparrowhawk (2.31%)
IMG_3301.JPG,"1.3043744, 103.8245805",2024-06-20 21:00:03,1,0.9993158578872681,4.13,Ornate Sunbird,Ornate Sunbird,Ornate Sunbird,0.486,Ornate Sunbird (48.58%) | Javan Munia (5.32%) | Rosy Starling (3.65%) | Amur Paradise-Flycatcher (1.94%) | Narcissus Flycatcher (1.75%)
IMG_3316.JPG,"1.3043744, 103.8245805",2024-06-20 21:28:33,1,0.999207079410553,5.013,Asian Glossy Starling,Asian Glossy Starling,Asian Glossy Starling,0.413,Asian Glossy Starling (41.28%) | Chestnut-bellied Malkoha (8.53%) | Copper-throated Sunbird (4.47%) | Greater Racket-tailed Drongo (3.32%) | Asian Fairy-bluebird (3.24%)
IMG_3318.JPG,No GPS Data,2024-06-20 21:28:50,0,0,0.0,,Manual: Yellow-vented Bulbul,,0,
IMG_3320.JPG,"1.3043744, 103.8245805",2024-06-20 21:28:59,2,0.8642124533653259,5.849,,Manual: Yellow-vented Bulbul,,0,
IMG_3321.JPG,"1.3043744, 103.8245805",2024-06-20 21:29:04,1,0.9326048493385315,4.326,,Manual: Yellow-vented Bulbul,Eastern Crowned Warbler,0.173,Eastern Crowned Warbler (17.31%) | Brown-streaked Flycatcher (12.31%) | Arctic Warbler (9.05%) | Narcissus Flycatcher (8.72%) | Brown-chested Jungle Flycatcher (8.37%)
IMG_3322.JPG,"1.3043744, 103.8245805",2024-06-20 21:29:16,1,0.8846392631530762,5.572,Asian Glossy Starling,Asian Glossy Starling,Asian Glossy Starling,0.691,Asian Glossy Starling (69.11%) | Asian Koel (4.62%) | Van Hasselt's Sunbird (2.46%) | Asian Fairy-bluebird (1.91%) | Black Paradise-Flycatcher (1.76%)
IMG_3324.JPG,"1.3043744, 103.8245805",2024-06-20 21:29:22,1,0.9933879375457764,6.562,,Manual: Asian Glossy Starling,Asian Glossy Starling,0.178,Asian Glossy Starling (17.83%) | Dollarbird (10.47%) | Orange-bellied Flowerpecker (5.06%) | Asian Fairy-bluebird (3.91%) | Zappey's Flycatcher (2.35%)
IMG_3330.JPG,"1.3043744, 103.8245805",2024-06-20 21:31:29,1,0.9969257712364197,5.674,Yellow-vented Bulbul,Yellow-vented Bulbul,Yellow-vented Bulbul,0.516,Yellow-vented Bulbul (51.62%) | Brown Shrike (12.12%) | Red-whiskered Bulbul (2.41%) | Arctic Warbler (2.25%) | Sooty-headed Bulbul (1.63%)
IMG_3331.JPG,"1.3043744, 103.8245805",2024-06-20 21:35:47,1,0.9988502264022827,4.522,Lineated Barbet,Lineated Barbet,Lineated Barbet,0.819,Lineated Barbet (81.88%) | Coppersmith Barbet (1.08%) | Siberian Thrush (0.99%) | Brown-streaked Flycatcher (0.90%) | Pied Harrier (0.54%)
IMG_3333.JPG,"1.3043744, 103.8245805",2024-06-20 21:35:58,1,0.9991838335990906,3.942,Lineated Barbet,Lineated Barbet,Lineated Barbet,0.556,Lineated Barbet (55.59%) | Yellow-vented Flowerpecker (4.95%) | Coppersmith Barbet (4.35%) | Hodgson's Hawk-Cuckoo (3.67%) | Siberian Thrush (1.35%)
IMG_3336.JPG,"1.3043744, 103.8245805",2024-06-20 21:36:06,1,0.9960922598838806,4.514,Lineated Barbet,Lineated Barbet,Lineated Barbet,0.872,Lineated Barbet (87.18%) | Yellow-vented Flowerpecker (0.71%) | Coppersmith Barbet (0.64%) | Siberian Thrush (0.63%) | Pied Harrier (0.52%)
IMG_3337.JPG,"1.3043744, 103.8245805",2024-06-20 21:36:07,1,0.9988075494766235,4.383,Lineated Barbet,Lineated Barbet,Lineated Barbet,0.816,Lineated Barbet (81.63%) | Coppersmith Barbet (1.54%) | Yellow-vented Flowerpecker (1.22%) | Siberian Thrush (0.80%) | Hodgson's Hawk-Cuckoo (0.67%)
IMG_3339.JPG,"1.3043744, 103.8245805",2024-06-20 21:36:09,1,0.9985617995262146,4.623,Lineated Barbet,Lineated Barbet,Lineated Barbet,0.727,Lineated Barbet (72.71%) | Siberian Thrush (2.98%) | Yellow-vented Flowerpecker (1.61%) | Hodgson's Hawk-Cuckoo (1.14%) | Coppersmith Barbet (0.91%)
IMG_3349.JPG,No GPS Data,2024-06-20 21:40:36,0,0,0.0,,,,0,
IMG_3352.JPG,"1.3043744, 103.8245805",2024-06-20 21:45:11,1,0.9973963499069214,4.867,Crimson Sunbird,Crimson Sunbird,Crimson Sunbird,0.62,Crimson Sunbird (61.96%) | Van Hasselt's Sunbird (28.20%) | Scarlet-backed Flowerpecker (0.95%) | Asian Glossy Starling (0.81%) | Coconut Lorikeet (0.70%)
IMG_3354.JPG,"1.3043744, 103.8245805",2024-06-20 21:45:14,1,0.9979992508888245,4.125,Crimson Sunbird,Crimson Sunbird,Crimson Sunbird,0.878,Crimson Sunbird (87.83%) | Van Hasselt's Sunbird (1.39%) | Red-crowned Barbet (0.70%) | Laced Woodpecker (0.36%) | Mugimaki Flycatcher (0.34%)
IMG_3355.JPG,"1.3043744, 103.8245805",2024-06-20 21:45:15,1,0.9956737160682678,4.211,Crimson Sunbird,Crimson Sunbird,Crimson Sunbird,0.742,Crimson Sunbird (74.16%) | Van Hasselt's Sunbird (18.15%) | Blue-winged Leafbird (0.45%) | Brown-throated Sunbird (0.42%) | Scarlet-backed Flowerpecker (0.36%)
IMG_3357.JPG,"1.3043744, 103.8245805",2024-06-20 21:45:17,1,0.9975317716598511,4.105,Crimson Sunbird,Crimson Sunbird,Crimson Sunbird,0.843,Crimson Sunbird (84.25%) | Van Hasselt's Sunbird (1.82%) | Orange-bellied Flowerpecker (0.93%) | Asian Fairy-bluebird (0.74%) | Banded Woodpecker (0.66%)
IMG_3361.JPG,"1.3043744, 103.8245805",2024-06-20 21:45:26,1,0.9986621141433716,3.79,Crimson Sunbird,Crimson Sunbird,Crimson Sunbird,0.722,Crimson Sunbird (72.24%) | Van Hasselt's Sunbird (18.92%) | Coconut Lorikeet (0.43%) | Mugimaki Flycatcher (0.31%) | Brown-throated Sunbird (0.31%)
IMG_3362.JPG,"1.3043744, 103.8245805",2024-06-20 21:45:27,1,0.9968791007995605,4.014,Crimson Sunbird,Crimson Sunbird,Crimson Sunbird,0.853,Crimson Sunbird (85.33%) | Van Hasselt's Sunbird (2.72%) | Coconut Lorikeet (1.21%) | Brown-throated Sunbird (0.73%) | Banded Woodpecker (0.72%)
IMG_3363.JPG,"1.3043744, 103.8245805",2024-06-20 21:45:28,1,0.9979318380355835,5.465,Crimson Sunbird,Crimson Sunbird,Crimson Sunbird,0.906,Crimson Sunbird (90.61%) | Van Hasselt's Sunbird (2.74%) | Coconut Lorikeet (0.52%) | Scarlet-backed Flowerpecker (0.43%) | Chestnut-bellied Malkoha (0.33%)
IMG_3407.JPG,"1.3043744, 103.8245805",2024-06-22 00:39:17,1,0.9991633892059326,5.653,,Manual: Asian Glossy Starling,Zappey's Flycatcher,0.056,Zappey's Flycatcher (5.57%) | Mangrove Pitta (4.77%) | Siberian Blue Robin (4.45%) | Asian Emerald Cuckoo (3.74%) | Barn Swallow (3.21%)
IMG_3408.JPG,"1.3043744, 103.8245805",2024-06-22 00:39:20,1,0.9995707869529724,5.616,,Manual: Asian Glossy Starling,Asian Glossy Starling,0.22,Asian Glossy Starling (21.95%) | Javan Myna (7.00%) | Blue Rock-Thrush (6.23%) | House Crow (4.39%) | Black Bittern (2.89%)
JavanMyna.JPG,"1.3043744, 103.8245805",2024-06-20 20:13:58,1,0.9995396137237549,3.557,Javan Myna,Javan Myna,Javan Myna,0.908,Javan Myna (90.82%) | Common Myna (2.75%) | Eurasian Moorhen (1.26%) | Chestnut Munia (0.23%) | Western Hooded Pitta (0.20%)
LineatedBarbat.JPG,"1.3043744, 103.8245805",2024-06-20 21:35:58,1,0.9979828596115112,4.349,Lineated Barbet,Lineated Barbet,Lineated Barbet,0.583,Lineated Barbet (58.29%) | Yellow-vented Flowerpecker (2.90%) | Hodgson's Hawk-Cuckoo (2.53%) | Coppersmith Barbet (2.05%) | Thick-billed Green-Pigeon (1.60%)
RedJungleFowl.JPG,"1.3043744, 103.8245805",2024-06-20 20:18:36,2,0.9803882837295532,3.867,,Manual: Red JungleFowl,,0,
